patient_id,severity_latent,E_proxy_burden,age_onset_years,k1,k2,k3,k4,k5,k6,k7,k8,k9,ALSFRSR_month0,ALSFRSR_month12,ALSFRSR_month24,ALSFRSR_month36,ALSFRSR_month48,ALSFRSR_month60,delta_ALSFRSR_48m,survival_months,death_event,risk_tier,degree_centrality,clustering_coef,eigenvector_centrality,community_id
ALS_0001,0.7309,1.8166,49.3,0.02076,0.04275,0.03681,0.01583,33.63,0.1315,0.1601,0.1441,1.2163,48.0,30.91,26.48,25.95,25.92,25.92,22.08,41.0,1,high_risk,1999,1.0,0.02236067977499789,0
ALS_0002,0.2045,0.2368,62.1,0.00682,0.01319,0.01102,0.01668,20.42,0.0392,0.0706,0.2203,1.4434,48.0,46.06,44.84,44.01,43.41,42.96,4.59,60.0,0,low_risk,1999,1.0,0.02236067977499789,0
ALS_0003,0.8108,2.1447,68.4,0.02338,0.04776,0.04073,0.0175,37.84,0.1169,0.1722,0.242,1.1099,48.0,24.76,21.11,20.81,20.8,20.79,27.2,33.0,1,high_risk,1999,1.0,0.022360679774997887,0
ALS_0004,0.3308,0.5111,50.5,0.00953,0.01958,0.01721,0.01135,45.0,0.1277,0.0943,0.2329,0.898,48.0,42.97,41.38,40.53,39.96,39.55,8.04,60.0,0,low_risk,1999,1.0,0.022360679774997887,0
ALS_0005,0.7409,1.8568,76.9,0.02109,0.04338,0.03731,0.0189,45.0,0.1105,0.1616,0.1776,1.3449,48.0,22.01,16.48,15.94,15.91,15.91,32.09,60.0,0,high_risk,1999,1.0,0.022360679774997894,0
ALS_0006,0.7222,1.7823,60.1,0.02049,0.04222,0.03639,0.01223,28.62,0.1379,0.1587,0.2414,1.2469,48.0,34.32,30.96,30.4,30.33,30.32,17.67,60.0,0,low_risk,1999,1.0,0.022360679774997887,0
ALS_0007,0.3,0.4371,48.2,0.00882,0.01797,0.0157,0.02284,20.25,0.0553,0.0887,0.1926,0.6012,48.0,45.31,43.84,42.89,42.23,41.75,5.77,60.0,0,low_risk,1999,1.0,0.022360679774997894,0
ALS_0008,0.2024,0.2328,67.7,0.00678,0.01309,0.01092,0.00852,45.0,0.0638,0.0701,0.0372,0.0878,48.0,44.28,42.28,40.83,39.55,38.35,8.45,60.0,0,low_risk,1999,1.0,0.022360679774997887,0
ALS_0009,0.5698,1.2199,37.6,0.01583,0.03301,0.02892,0.00739,21.08,0.0639,0.1348,0.2209,1.2289,48.0,39.79,35.95,34.38,33.84,33.67,14.16,30.0,1,high_risk,1999,1.0,0.022360679774997894,0
ALS_0010,0.5501,1.1532,77.6,0.01526,0.03185,0.02796,0.01998,24.16,0.1417,0.1316,0.0614,1.1664,48.0,40.2,36.63,35.26,34.99,34.96,13.01,60.0,0,low_risk,1999,1.0,0.022360679774997887,0
ALS_0011,0.5816,1.2606,54.7,0.01618,0.0337,0.0295,0.00595,36.1,0.1397,0.1367,0.2169,0.0386,48.0,37.62,34.77,33.62,33.14,32.94,14.86,45.0,1,low_risk,1999,1.0,0.022360679774997887,0
ALS_0012,0.0776,0.0502,30.6,0.00473,0.00756,0.0048,0.02075,29.09,0.0858,0.0433,0.2064,1.2789,48.0,46.93,46.53,46.36,46.28,46.23,1.72,60.0,0,low_risk,1999,1.0,0.022360679774997887,0
ALS_0013,0.0812,0.054,54.1,0.00477,0.0077,0.00498,0.00199,39.48,0.0646,0.0441,0.1269,0.5688,48.0,46.36,45.58,45.17,44.93,44.76,3.07,25.0,1,high_risk,1999,1.0,0.02236067977499789,0
ALS_0014,0.9392,2.7133,55.5,0.02781,0.05601,0.04702,0.00419,45.0,0.0053,0.1912,0.0879,0.5563,48.0,7.13,3.61,3.55,3.55,3.55,44.45,28.0,1,high_risk,1999,1.0,0.02236067977499789,0
ALS_0015,0.8708,2.4043,76.8,0.02542,0.05159,0.04367,0.00062,33.81,0.0316,0.1811,0.1742,1.3361,48.0,19.84,16.77,16.69,16.69,16.69,31.31,44.0,1,high_risk,1999,1.0,0.022360679774997887,0
ALS_0016,0.9049,2.5567,44.1,0.02661,0.05379,0.04534,0.00274,45.0,0.1048,0.1862,0.0483,1.1652,48.0,13.94,11.66,11.66,11.66,11.66,36.34,57.0,1,high_risk,1999,1.0,0.022360679774997887,0
ALS_0017,0.018,0.0049,54.4,0.00409,0.00544,0.00188,0.02541,34.64,0.033,0.0272,0.1348,1.1164,48.0,46.62,45.7,45.08,44.64,44.33,3.36,54.0,1,low_risk,1999,1.0,0.022360679774997887,0
ALS_0018,0.8172,2.1721,51.0,0.0236,0.04817,0.04105,0.01308,27.85,0.0136,0.1732,0.1814,1.1746,48.0,25.51,21.47,21.24,21.23,21.23,26.77,60.0,0,high_risk,1999,1.0,0.02236067977499789,0
ALS_0019,0.7012,1.7001,48.0,0.01982,0.04092,0.03536,0.01581,45.0,0.1365,0.1555,0.1969,0.3063,48.0,29.16,24.42,23.16,22.87,22.81,25.13,60.0,0,high_risk,1999,1.0,0.02236067977499789,0
ALS_0020,0.029,0.0104,62.0,0.00418,0.00579,0.00242,0.01044,45.0,0.0449,0.0306,0.2244,1.0945,48.0,46.15,45.08,44.45,44.05,43.8,3.95,60.0,0,low_risk,1999,1.0,0.02236067977499789,0
ALS_0021,0.3459,0.5489,39.2,0.00988,0.02039,0.01795,0.00297,30.96,0.0544,0.097,0.2072,0.4615,48.0,42.88,40.08,38.31,37.13,36.3,10.87,60.0,0,low_risk,1999,1.0,0.022360679774997887,0
ALS_0022,0.0657,0.0385,49.8,0.00458,0.0071,0.00422,0.00023,38.0,0.0986,0.0404,0.1646,0.5746,48.0,46.75,46.34,46.18,46.11,46.06,1.89,60.0,0,low_risk,1999,1.0,0.02236067977499789,0
ALS_0023,0.1787,0.1907,66.0,0.00633,0.01196,0.00975,0.0207,30.93,0.1341,0.0654,0.1478,0.4622,48.0,46.23,45.78,45.58,45.44,45.33,2.56,60.0,0,low_risk,1999,1.0,0.022360679774997894,0
ALS_0024,0.0728,0.0453,58.2,0.00466,0.00737,0.00457,0.02716,20.4,0.0246,0.0421,0.1992,0.8491,48.0,46.91,46.11,45.52,45.08,44.73,2.92,60.0,0,low_risk,1999,1.0,0.022360679774997887,0
ALS_0025,0.3402,0.5344,57.0,0.00975,0.02008,0.01767,0.01842,41.99,0.096,0.096,0.0574,0.926,48.0,42.16,39.13,36.65,34.57,33.03,13.43,32.0,1,high_risk,1999,1.0,0.02236067977499789,0
ALS_0026,0.1404,0.1298,39.5,0.00567,0.01022,0.00788,0.00248,42.67,0.0598,0.0574,0.0884,0.3716,48.0,45.59,44.34,43.57,43.03,42.6,4.97,60.0,0,low_risk,1999,1.0,0.022360679774997887,0
ALS_0027,0.1687,0.174,44.6,0.00615,0.0115,0.00927,0.02936,45.0,0.0924,0.0633,0.1847,0.1801,48.0,45.5,44.58,44.16,43.91,43.73,4.09,60.0,0,low_risk,1999,1.0,0.02236067977499789,0
ALS_0028,0.3801,0.6383,67.3,0.01071,0.02223,0.01963,0.02519,33.78,0.0155,0.103,0.1593,1.0622,48.0,39.05,32.43,27.69,24.55,22.61,23.45,60.0,0,high_risk,1999,1.0,0.02236067977499789,0
ALS_0029,0.4161,0.7378,31.7,0.01162,0.02421,0.02139,0.00023,24.13,0.1242,0.1093,0.1843,1.2658,48.0,43.85,42.19,41.17,40.53,40.15,7.47,60.0,0,low_risk,1999,1.0,0.02236067977499789,0
ALS_0030,0.818,2.1753,77.5,0.02363,0.04822,0.04108,0.00282,45.0,0.1103,0.1733,0.2395,0.4444,48.0,21.61,17.04,16.43,16.36,16.36,31.64,17.0,1,high_risk,1999,1.0,0.022360679774997894,0
ALS_0031,0.1228,0.1046,30.3,0.00538,0.00944,0.00702,0.01438,45.0,0.0894,0.0536,0.2202,1.1834,48.0,46.0,45.27,44.95,44.78,44.67,3.22,60.0,0,low_risk,1999,1.0,0.02236067977499789,0
ALS_0032,0.2694,0.3679,57.1,0.00814,0.0164,0.0142,0.0018,45.0,0.122,0.083,0.0351,1.2502,48.0,44.14,42.46,40.91,39.28,37.71,8.72,5.0,1,high_risk,1999,1.0,0.022360679774997894,0
ALS_0033,0.9891,2.9477,50.9,0.0296,0.05928,0.04946,0.02973,20.23,0.0352,0.1984,0.1757,0.0462,48.0,31.07,29.53,29.44,29.44,29.44,18.56,26.0,1,high_risk,1999,1.0,0.022360679774997887,0
ALS_0034,0.4215,0.7529,37.5,0.01176,0.0245,0.02165,0.02747,23.45,0.0866,0.1102,0.1582,0.6446,48.0,43.27,41.06,39.72,38.9,38.4,9.1,15.0,1,high_risk,1999,1.0,0.022360679774997887,0
ALS_0035,0.5978,1.3172,60.4,0.01665,0.03467,0.03029,0.00157,38.19,0.0081,0.1393,0.05,0.3968,48.0,28.13,16.7,12.51,11.61,11.48,36.39,42.0,1,high_risk,1999,1.0,0.02236067977499789,0
ALS_0036,0.8448,2.2903,60.0,0.02453,0.04992,0.04239,0.00636,38.21,0.108,0.1773,0.2109,0.0167,48.0,25.44,21.84,21.29,21.22,21.21,26.78,11.0,1,high_risk,1999,1.0,0.022360679774997887,0
ALS_0037,0.9959,2.9805,44.4,0.02985,0.05973,0.0498,0.0221,34.64,0.1348,0.1994,0.1156,0.2322,48.0,23.65,22.02,21.98,21.98,21.98,26.02,15.0,1,high_risk,1999,1.0,0.022360679774997887,0
ALS_0038,0.2238,0.2734,31.3,0.0072,0.01412,0.01197,0.01985,32.62,0.0639,0.0743,0.0808,0.7827,48.0,45.18,43.66,42.61,41.75,41.02,6.25,60.0,0,low_risk,1999,1.0,0.022360679774997887,0
ALS_0039,0.0171,0.0045,72.2,0.00409,0.00542,0.00184,0.02275,31.84,0.0281,0.0269,0.0925,0.0051,48.0,46.2,44.96,44.07,43.42,42.93,4.58,60.0,0,low_risk,1999,1.0,0.02236067977499789,0
ALS_0040,0.1177,0.0978,50.1,0.0053,0.00922,0.00677,0.01376,45.0,0.116,0.0525,0.2424,0.4672,48.0,46.28,45.81,45.64,45.56,45.5,2.44,36.0,1,low_risk,1999,1.0,0.022360679774997887,0
ALS_0041,0.0443,0.0205,32.4,0.00433,0.00631,0.00317,0.01019,39.34,0.123,0.0349,0.2147,0.0488,48.0,46.92,46.66,46.59,46.56,46.54,1.44,60.0,0,low_risk,1999,1.0,0.02236067977499789,0
ALS_0042,0.7137,1.7487,75.1,0.02021,0.04169,0.03597,0.00457,45.0,0.0895,0.1574,0.0561,0.7516,48.0,23.32,15.71,14.8,14.76,14.76,33.24,53.0,1,high_risk,1999,1.0,0.02236067977499789,0
ALS_0043,0.2711,0.3717,74.4,0.00818,0.01649,0.01429,0.01292,45.0,0.0623,0.0834,0.0496,0.043,48.0,42.28,39.13,36.81,34.88,33.27,13.12,60.0,0,low_risk,1999,1.0,0.022360679774997887,0
ALS_0044,0.3656,0.5996,69.2,0.01035,0.02144,0.01891,0.0278,45.0,0.0042,0.1005,0.0583,1.2426,48.0,35.55,24.67,15.93,10.19,7.14,37.81,60.0,0,high_risk,1999,1.0,0.022360679774997894,0
ALS_0045,0.1872,0.2055,50.6,0.00649,0.01236,0.01017,0.00512,45.0,0.1342,0.0671,0.2316,1.2318,48.0,45.71,45.13,44.9,44.75,44.63,3.25,60.0,0,low_risk,1999,1.0,0.022360679774997887,0
ALS_0046,0.3982,0.6874,68.0,0.01116,0.02322,0.02051,0.00422,32.25,0.0381,0.1062,0.1445,1.2662,48.0,40.4,35.3,31.74,29.44,28.08,18.56,60.0,0,low_risk,1999,1.0,0.02236067977499789,0
ALS_0047,0.0104,0.002,72.6,0.00404,0.00523,0.00151,0.00526,29.51,0.1405,0.0247,0.2088,0.5637,48.0,47.25,47.1,47.07,47.05,47.05,0.95,60.0,0,low_risk,1999,1.0,0.022360679774997887,0
ALS_0048,0.2014,0.2309,76.6,0.00676,0.01304,0.01087,0.00284,45.0,0.1228,0.0699,0.0882,1.1323,48.0,45.26,44.38,43.84,43.39,42.97,4.61,60.0,0,low_risk,1999,1.0,0.022360679774997883,0
ALS_0049,0.9477,2.7529,51.2,0.02812,0.05657,0.04744,0.00216,37.91,0.1392,0.1924,0.0565,0.9326,48.0,20.47,19.0,18.99,18.99,18.99,29.01,46.0,1,high_risk,1999,1.0,0.022360679774997887,0
ALS_0050,0.1611,0.1616,43.6,0.00602,0.01115,0.00889,0.0031,45.0,0.1387,0.0618,0.1936,1.1206,48.0,46.04,45.58,45.4,45.28,45.18,2.72,60.0,0,low_risk,1999,1.0,0.022360679774997894,0
ALS_0051,0.4918,0.9637,69.1,0.01363,0.02847,0.0251,0.01874,34.66,0.0346,0.122,0.1673,1.1614,48.0,35.41,27.96,24.04,22.3,21.62,25.7,60.0,0,high_risk,1999,1.0,0.02236067977499789,0
ALS_0052,0.7257,1.7961,70.3,0.0206,0.04243,0.03656,0.00711,28.16,0.1379,0.1593,0.1488,1.0733,48.0,34.11,30.58,30.11,30.07,30.06,17.93,32.0,1,high_risk,1999,1.0,0.02236067977499789,0
ALS_0053,0.0476,0.0229,66.9,0.00437,0.00642,0.00333,0.00153,41.31,0.0867,0.0357,0.1757,1.1724,48.0,46.62,46.12,45.92,45.82,45.76,2.18,60.0,0,low_risk,1999,1.0,0.02236067977499789,0
ALS_0054,0.5927,1.2992,71.7,0.0165,0.03436,0.03004,0.00656,45.0,0.1138,0.1385,0.2042,0.6226,48.0,32.35,26.95,24.89,24.18,23.96,23.82,60.0,0,high_risk,1999,1.0,0.02236067977499789,0
ALS_0055,0.1076,0.0848,74.6,0.00515,0.00879,0.00627,0.01314,45.0,0.038,0.0503,0.0592,0.6251,48.0,45.03,43.12,41.77,40.72,39.87,7.28,60.0,0,low_risk,1999,1.0,0.022360679774997883,0
ALS_0056,0.8247,2.204,63.0,0.02385,0.04865,0.04141,0.01682,45.0,0.1278,0.1743,0.1304,0.677,48.0,20.93,16.61,16.32,16.3,16.3,31.7,21.0,1,high_risk,1999,1.0,0.022360679774997894,0
ALS_0057,0.1059,0.0826,68.2,0.00512,0.00872,0.00619,0.00646,45.0,0.0936,0.0499,0.1244,1.3404,48.0,46.05,45.35,45.04,44.85,44.71,3.15,60.0,0,low_risk,1999,1.0,0.022360679774997887,0
ALS_0058,0.9158,2.6061,44.2,0.02699,0.05449,0.04587,0.01934,45.0,0.1465,0.1878,0.1837,0.9248,48.0,18.14,15.56,15.49,15.49,15.49,32.51,22.0,1,high_risk,1999,1.0,0.022360679774997883,0
ALS_0059,0.9936,2.9691,69.8,0.02977,0.05957,0.04968,0.02762,20.74,0.0465,0.1991,0.1998,1.0784,48.0,29.65,28.98,28.97,28.97,28.97,19.03,15.0,1,high_risk,1999,1.0,0.022360679774997894,0
ALS_0060,0.0949,0.0693,53.2,0.00496,0.00826,0.00565,0.01334,45.0,0.1227,0.0473,0.0324,1.2662,48.0,46.49,46.06,45.84,45.63,45.42,2.37,60.0,0,low_risk,1999,1.0,0.022360679774997894,0
ALS_0061,0.7035,1.7091,67.8,0.01989,0.04107,0.03547,0.02849,39.64,0.0555,0.1559,0.2072,0.8504,48.0,24.44,17.65,16.36,16.16,16.14,31.84,36.0,1,high_risk,1999,1.0,0.022360679774997887,0
ALS_0062,0.1207,0.1019,45.3,0.00535,0.00935,0.00692,0.0012,45.0,0.1306,0.0532,0.1013,0.9538,48.0,46.35,45.93,45.75,45.62,45.5,2.38,60.0,0,low_risk,1999,1.0,0.02236067977499789,0
ALS_0063,0.3819,0.6432,37.8,0.01076,0.02233,0.01972,0.00982,45.0,0.0128,0.1033,0.0426,0.613,48.0,37.08,27.78,19.95,14.36,11.12,33.64,60.0,0,high_risk,1999,1.0,0.022360679774997887,0
ALS_0064,0.0804,0.0531,39.1,0.00476,0.00767,0.00494,0.01479,42.3,0.0371,0.044,0.1651,0.4891,48.0,45.98,44.69,43.84,43.24,42.82,4.76,60.0,0,low_risk,1999,1.0,0.022360679774997894,0
ALS_0065,0.4543,0.849,79.5,0.01262,0.02634,0.02326,0.01202,26.13,0.0328,0.1158,0.2345,0.7895,48.0,39.71,34.91,32.13,30.6,29.8,17.4,60.0,0,low_risk,1999,1.0,0.022360679774997897,0
ALS_0066,0.6288,1.4282,31.6,0.01758,0.03652,0.03181,0.0235,42.96,0.1464,0.1442,0.1182,1.3617,48.0,31.94,25.62,24.0,23.77,23.74,24.23,46.0,1,high_risk,1999,1.0,0.02236067977499789,0
ALS_0067,0.8558,2.3385,39.2,0.02491,0.05063,0.04294,0.01869,29.08,0.0791,0.1789,0.2183,0.0254,48.0,29.21,26.1,25.64,25.58,25.57,22.42,55.0,1,high_risk,1999,1.0,0.02236067977499789,0
ALS_0068,0.7563,1.9189,43.0,0.02159,0.04434,0.03806,0.01456,45.0,0.0552,0.164,0.0584,1.1736,48.0,17.38,10.08,9.77,9.76,9.76,38.24,40.0,1,high_risk,1999,1.0,0.022360679774997887,0
ALS_0069,0.2066,0.2407,53.6,0.00686,0.01329,0.01113,0.0106,45.0,0.0803,0.071,0.2259,0.321,48.0,44.76,43.41,42.73,42.32,42.03,5.68,60.0,0,low_risk,1999,1.0,0.022360679774997897,0
ALS_0070,0.2624,0.3528,58.8,0.008,0.01605,0.01386,0.01734,30.45,0.0536,0.0817,0.1376,0.9224,48.0,44.48,42.45,41.07,40.04,39.25,7.96,60.0,0,low_risk,1999,1.0,0.02236067977499789,0
ALS_0071,0.4214,0.7528,48.5,0.01175,0.0245,0.02165,0.01,45.0,0.0244,0.1102,0.1927,0.0255,48.0,36.23,28.66,23.68,20.45,18.41,27.55,7.0,1,high_risk,1999,1.0,0.02236067977499789,0
ALS_0072,0.9227,2.6375,68.2,0.02723,0.05494,0.04621,0.02687,45.0,0.0678,0.1888,0.105,0.9088,48.0,11.43,9.01,8.99,8.98,8.98,39.02,11.0,1,high_risk,1999,1.0,0.02236067977499789,0
ALS_0073,0.2599,0.3474,49.4,0.00794,0.01592,0.01374,0.02673,31.08,0.0937,0.0813,0.245,0.7178,48.0,45.2,44.14,43.61,43.27,43.03,4.73,60.0,0,low_risk,1999,1.0,0.022360679774997883,0
ALS_0074,0.5378,1.1122,35.6,0.01491,0.03113,0.02735,0.0046,38.19,0.1032,0.1296,0.2116,0.2323,48.0,37.03,33.09,31.28,30.44,30.06,17.56,60.0,0,low_risk,1999,1.0,0.02236067977499789,0
ALS_0075,0.8559,2.3387,78.0,0.02491,0.05063,0.04294,0.01942,45.0,0.0929,0.1789,0.0618,0.8548,48.0,15.27,11.79,11.74,11.74,11.74,36.26,39.0,1,high_risk,1999,1.0,0.022360679774997887,0
ALS_0076,0.3256,0.4983,43.1,0.0094,0.01931,0.01696,0.0236,45.0,0.1401,0.0934,0.0429,1.1683,48.0,43.19,41.05,38.98,37.02,35.45,10.98,51.0,1,low_risk,1999,1.0,0.022360679774997887,0
ALS_0077,0.2454,0.3169,51.6,0.00764,0.01519,0.01302,0.01411,23.49,0.1483,0.0785,0.042,0.1977,48.0,46.44,45.96,45.58,45.18,44.78,2.82,55.0,1,low_risk,1999,1.0,0.022360679774997887,0
ALS_0078,0.5704,1.2217,72.5,0.01585,0.03304,0.02895,0.0184,42.93,0.1383,0.1349,0.1115,0.8145,48.0,34.06,28.72,26.61,26.02,25.89,21.98,23.0,1,high_risk,1999,1.0,0.02236067977499789,0
ALS_0079,0.8414,2.2758,38.8,0.02442,0.04971,0.04223,0.00191,28.39,0.0298,0.1768,0.1686,1.2688,48.0,25.12,21.88,21.76,21.76,21.76,26.24,30.0,1,high_risk,1999,1.0,0.022360679774997887,0
ALS_0080,0.622,1.4035,71.7,0.01738,0.03611,0.03148,0.00341,45.0,0.0222,0.1431,0.1025,0.6511,48.0,24.03,12.33,8.67,7.92,7.8,40.08,43.0,1,high_risk,1999,1.0,0.02236067977499789,0
ALS_0081,0.8546,2.3331,65.3,0.02487,0.05055,0.04287,0.01527,26.95,0.036,0.1787,0.0978,0.3059,48.0,27.31,23.94,23.71,23.7,23.7,24.3,60.0,0,high_risk,1999,1.0,0.022360679774997883,0
ALS_0082,0.6844,1.6355,62.2,0.01929,0.03989,0.03454,0.01527,33.75,0.0407,0.1529,0.214,0.7431,48.0,28.65,21.93,20.28,19.96,19.89,28.04,48.0,1,high_risk,1999,1.0,0.02236067977499789,0
ALS_0083,0.8128,2.1532,39.8,0.02345,0.04789,0.04083,0.02756,31.57,0.011,0.1725,0.2067,1.0918,48.0,22.75,17.86,17.5,17.48,17.47,30.52,23.0,1,high_risk,1999,1.0,0.022360679774997883,0
ALS_0084,0.4212,0.7521,43.5,0.01175,0.02449,0.02164,0.01484,32.54,0.0876,0.1101,0.0708,1.0342,48.0,41.27,37.4,34.53,32.74,31.86,15.26,60.0,0,low_risk,1999,1.0,0.022360679774997897,0
ALS_0085,0.2411,0.308,41.6,0.00755,0.01497,0.01281,0.01667,37.3,0.1056,0.0777,0.0344,0.0345,48.0,45.1,43.93,43.05,42.18,41.3,5.82,48.0,1,low_risk,1999,1.0,0.02236067977499789,0
ALS_0086,0.1864,0.2041,79.4,0.00647,0.01233,0.01013,0.01012,21.15,0.0132,0.0669,0.2091,1.3208,48.0,45.72,43.87,42.35,41.08,40.02,6.92,60.0,0,low_risk,1999,1.0,0.02236067977499789,0
ALS_0087,0.0114,0.0023,72.9,0.00405,0.00526,0.00156,0.00172,45.0,0.0163,0.025,0.0919,1.1452,48.0,45.99,44.39,43.08,42.01,41.11,5.99,60.0,0,low_risk,1999,1.0,0.02236067977499789,0
ALS_0088,0.9337,2.6881,76.4,0.02762,0.05565,0.04675,0.01091,28.88,0.0953,0.1904,0.1596,0.316,48.0,27.04,25.1,25.01,25.01,25.01,22.99,20.0,1,high_risk,1999,1.0,0.022360679774997894,0
ALS_0089,0.6608,1.5462,77.5,0.01856,0.03846,0.03338,0.02555,45.0,0.0542,0.1492,0.1916,1.2864,48.0,22.02,13.65,12.04,11.8,11.77,36.2,49.0,1,high_risk,1999,1.0,0.02236067977499789,0
ALS_0090,0.9497,2.7621,63.2,0.02819,0.05669,0.04753,0.0088,36.87,0.0596,0.1927,0.0692,0.5221,48.0,17.86,15.63,15.61,15.61,15.61,32.39,60.0,0,high_risk,1999,1.0,0.022360679774997887,0
ALS_0091,0.9401,2.7176,32.9,0.02785,0.05607,0.04706,0.01881,24.37,0.0549,0.1913,0.1524,0.1987,48.0,28.99,26.94,26.82,26.81,26.81,21.19,18.0,1,high_risk,1999,1.0,0.02236067977499789,0
ALS_0092,0.7245,1.7913,44.5,0.02056,0.04236,0.0365,0.00959,45.0,0.0808,0.1591,0.1855,1.2416,48.0,22.4,15.26,14.25,14.15,14.14,33.85,22.0,1,high_risk,1999,1.0,0.022360679774997887,0
ALS_0093,0.1229,0.1048,72.9,0.00538,0.00944,0.00702,0.00287,45.0,0.132,0.0536,0.1391,1.0407,48.0,46.27,45.85,45.68,45.57,45.48,2.43,12.0,1,high_risk,1999,1.0,0.022360679774997887,0
ALS_0094,0.2035,0.2349,75.4,0.0068,0.01314,0.01097,0.02715,45.0,0.1108,0.0704,0.2135,0.8409,48.0,44.15,42.95,42.42,42.1,41.87,5.9,60.0,0,low_risk,1999,1.0,0.02236067977499789,0
ALS_0095,0.7174,1.7635,71.2,0.02033,0.04192,0.03615,0.00466,45.0,0.0056,0.158,0.1837,0.6647,48.0,17.06,6.51,4.42,4.1,4.05,43.9,22.0,1,high_risk,1999,1.0,0.022360679774997883,0
ALS_0096,0.8315,2.233,49.0,0.02408,0.04907,0.04174,0.02025,42.63,0.1108,0.1753,0.1539,0.2297,48.0,22.8,18.44,17.9,17.85,17.84,30.15,60.0,0,high_risk,1999,1.0,0.022360679774997887,0
ALS_0097,0.9028,2.5472,72.0,0.02653,0.05365,0.04524,0.0119,28.02,0.0156,0.1859,0.223,0.0512,48.0,24.93,21.62,21.27,21.24,21.24,26.76,60.0,0,high_risk,1999,1.0,0.022360679774997887,0
ALS_0098,0.6396,1.4675,74.6,0.01791,0.03717,0.03234,0.01682,21.32,0.1265,0.1459,0.164,1.2743,48.0,38.95,35.96,35.25,35.14,35.12,12.86,60.0,0,low_risk,1999,1.0,0.02236067977499789,0
ALS_0099,0.6634,1.5557,64.7,0.01864,0.03861,0.0335,0.00298,40.13,0.0124,0.1496,0.1702,1.0973,48.0,23.3,12.91,10.51,10.12,10.06,37.88,60.0,0,high_risk,1999,1.0,0.022360679774997887,0
ALS_0100,0.9722,2.8676,36.0,0.02899,0.05817,0.04864,0.02679,45.0,0.0696,0.196,0.2479,1.2379,48.0,10.83,8.88,8.86,8.86,8.86,39.14,56.0,1,high_risk,1999,1.0,0.02236067977499789,0
ALS_0101,0.9741,2.8766,35.4,0.02906,0.05829,0.04873,0.01858,45.0,0.082,0.1963,0.2359,1.4102,48.0,11.23,9.58,9.56,9.56,9.56,38.44,40.0,1,high_risk,1999,1.0,0.022360679774997887,0
ALS_0102,0.8277,2.2166,73.3,0.02395,0.04883,0.04156,0.02735,27.82,0.1293,0.1747,0.1815,1.1071,48.0,30.24,28.01,27.91,27.9,27.9,20.1,23.0,1,high_risk,1999,1.0,0.02236067977499789,0
ALS_0103,0.1288,0.113,37.2,0.00548,0.0097,0.00731,0.00942,27.99,0.0395,0.0549,0.2317,0.1225,48.0,46.35,45.33,44.67,44.22,43.9,3.78,60.0,0,low_risk,1999,1.0,0.022360679774997894,0
ALS_0104,0.7715,1.9809,73.1,0.02208,0.04529,0.0388,0.01342,45.0,0.1475,0.1663,0.1428,0.7847,48.0,24.23,19.56,19.07,19.04,19.04,28.96,60.0,0,high_risk,1999,1.0,0.022360679774997894,0
ALS_0105,0.4816,0.9321,67.0,0.01335,0.02789,0.0246,0.02336,45.0,0.0012,0.1203,0.1243,1.252,48.0,29.45,15.87,8.29,5.09,3.96,42.91,60.0,1,high_risk,1999,1.0,0.022360679774997883,0
ALS_0106,0.3701,0.6114,63.0,0.01046,0.02168,0.01913,0.00107,27.33,0.0203,0.1013,0.1978,0.654,48.0,42.01,37.7,34.57,32.35,30.81,15.65,60.0,0,low_risk,1999,1.0,0.022360679774997887,0
ALS_0107,0.1415,0.1314,73.4,0.00568,0.01027,0.00794,0.00715,27.41,0.0474,0.0577,0.0947,0.4192,48.0,46.17,45.09,44.38,43.87,43.47,4.13,23.0,1,high_risk,1999,1.0,0.022360679774997887,0
ALS_0108,0.7928,2.0691,35.2,0.02278,0.04663,0.03985,0.00605,45.0,0.1279,0.1695,0.0512,0.7656,48.0,21.82,16.56,16.31,16.31,16.31,31.69,60.0,0,high_risk,1999,1.0,0.022360679774997887,0
ALS_0109,0.437,0.7978,31.8,0.01216,0.02537,0.02241,0.01441,44.46,0.1165,0.1128,0.2055,0.7409,48.0,39.55,36.35,34.57,33.52,32.92,14.48,60.0,0,low_risk,1999,1.0,0.022360679774997894,0
ALS_0110,0.9294,2.6682,32.9,0.02747,0.05537,0.04654,0.01991,45.0,0.0429,0.1898,0.199,0.2391,48.0,12.34,8.15,7.86,7.84,7.84,40.16,20.0,1,high_risk,1999,1.0,0.022360679774997887,0
ALS_0111,0.7186,1.7682,55.4,0.02037,0.042,0.03621,0.00095,30.36,0.0043,0.1582,0.095,1.245,48.0,25.84,18.75,18.12,18.1,18.1,29.9,60.0,0,high_risk,1999,1.0,0.022360679774997887,0
ALS_0112,0.2969,0.4299,69.1,0.00875,0.01781,0.01555,0.01388,45.0,0.0708,0.0881,0.1244,0.6606,48.0,41.95,38.89,36.91,35.46,34.39,12.54,60.0,0,low_risk,1999,1.0,0.022360679774997883,0
ALS_0113,0.5671,1.2106,31.4,0.01575,0.03285,0.02879,0.01024,32.88,0.044,0.1343,0.2472,1.3914,48.0,34.26,27.35,24.47,23.46,23.14,24.54,59.0,1,high_risk,1999,1.0,0.02236067977499789,0
ALS_0114,0.6678,1.5723,74.5,0.01877,0.03888,0.03372,0.00817,21.01,0.0225,0.1503,0.0653,0.4839,48.0,35.38,30.2,29.07,28.94,28.93,19.06,36.0,1,low_risk,1999,1.0,0.022360679774997897,0
ALS_0115,0.202,0.2321,58.2,0.00677,0.01307,0.0109,0.00554,45.0,0.1217,0.0701,0.2457,0.4438,48.0,45.35,44.62,44.32,44.14,44.01,3.86,60.0,0,low_risk,1999,1.0,0.022360679774997887,0
ALS_0116,0.3091,0.4585,32.0,0.00903,0.01844,0.01615,0.00147,39.59,0.142,0.0904,0.2148,1.1281,48.0,44.24,43.15,42.55,42.12,41.79,5.88,60.0,0,low_risk,1999,1.0,0.022360679774997883,0
ALS_0117,0.6249,1.414,56.0,0.01746,0.03629,0.03162,0.02921,30.87,0.1331,0.1436,0.2241,1.0637,48.0,36.77,33.06,31.86,31.55,31.47,16.45,60.0,0,low_risk,1999,1.0,0.022360679774997887,0
ALS_0118,0.5644,1.2014,36.7,0.01567,0.03269,0.02866,0.01973,45.0,0.0981,0.1339,0.1033,0.9649,48.0,32.56,25.16,22.03,21.15,20.95,26.85,60.0,0,high_risk,1999,1.0,0.022360679774997887,0
ALS_0119,0.2431,0.3121,63.3,0.00759,0.01508,0.01291,0.02483,38.33,0.0473,0.0781,0.2036,0.2182,48.0,43.55,41.02,39.4,38.3,37.5,9.7,60.0,0,low_risk,1999,1.0,0.022360679774997883,0
ALS_0120,0.7247,1.792,31.7,0.02056,0.04237,0.03651,0.01534,34.39,0.0708,0.1591,0.2173,0.1359,48.0,29.71,24.65,23.34,23.04,22.97,24.96,60.0,0,high_risk,1999,1.0,0.02236067977499789,0
ALS_0121,0.3395,0.5327,61.8,0.00973,0.02004,0.01764,0.01904,38.55,0.1123,0.0958,0.1589,1.4835,48.0,42.82,40.7,39.33,38.36,37.67,9.64,60.0,0,low_risk,1999,1.0,0.02236067977499789,0
ALS_0122,0.152,0.1472,43.3,0.00586,0.01073,0.00845,0.00636,45.0,0.0591,0.0599,0.2306,1.1874,48.0,45.3,43.93,43.16,42.68,42.35,5.32,60.0,0,low_risk,1999,1.0,0.022360679774997887,0
ALS_0123,0.9171,2.6122,59.9,0.02703,0.05458,0.04594,0.01192,33.08,0.1436,0.188,0.1459,1.4075,48.0,24.62,23.17,23.16,23.16,23.16,24.84,20.0,1,high_risk,1999,1.0,0.022360679774997887,0
ALS_0124,0.8146,2.1611,71.9,0.02351,0.04801,0.04092,0.01838,45.0,0.1242,0.1728,0.1465,0.0262,48.0,22.76,18.61,17.99,17.91,17.91,30.09,57.0,1,high_risk,1999,1.0,0.02236067977499789,0
ALS_0125,0.9669,2.8429,61.8,0.0288,0.05783,0.04838,0.00389,38.42,0.0994,0.1952,0.1765,0.6569,48.0,18.91,16.95,16.9,16.9,16.9,31.1,39.0,1,high_risk,1999,1.0,0.022360679774997894,0
ALS_0126,0.7409,1.8566,52.7,0.02109,0.04338,0.0373,0.02147,45.0,0.0218,0.1616,0.1259,1.2427,48.0,15.88,6.98,6.21,6.17,6.17,41.83,60.0,0,high_risk,1999,1.0,0.022360679774997887,0
ALS_0127,0.8006,2.1017,79.6,0.02304,0.04712,0.04023,0.02428,32.56,0.0207,0.1707,0.2306,0.8384,48.0,22.43,17.88,17.46,17.43,17.43,30.57,36.0,1,high_risk,1999,1.0,0.022360679774997887,0
ALS_0128,0.7764,2.0013,41.0,0.02224,0.0456,0.03905,0.00669,44.59,0.1221,0.167,0.1033,0.4617,48.0,23.94,18.56,17.89,17.84,17.84,30.16,43.0,1,high_risk,1999,1.0,0.02236067977499789,0
ALS_0129,0.3148,0.472,74.1,0.00915,0.01874,0.01642,0.01982,45.0,0.0023,0.0914,0.1205,0.8151,48.0,38.02,29.46,22.34,16.79,12.72,31.21,60.0,0,high_risk,1999,1.0,0.02236067977499789,0
ALS_0130,0.0364,0.0149,53.3,0.00425,0.00603,0.00278,0.01304,45.0,0.0355,0.0327,0.0811,0.6936,48.0,46.14,44.94,44.12,43.54,43.11,4.46,60.0,0,low_risk,1999,1.0,0.022360679774997887,0
ALS_0131,0.0312,0.0117,79.4,0.0042,0.00586,0.00253,0.01517,36.93,0.1011,0.0312,0.0633,0.2775,48.0,46.53,46.07,45.89,45.79,45.72,2.21,60.0,0,low_risk,1999,1.0,0.02236067977499789,0
ALS_0132,0.9416,2.7244,55.8,0.0279,0.05617,0.04714,0.00092,41.31,0.0835,0.1915,0.0307,0.8525,48.0,14.92,13.05,13.05,13.05,13.05,34.95,23.0,1,high_risk,1999,1.0,0.022360679774997887,0
ALS_0133,0.9705,2.8598,37.4,0.02893,0.05806,0.04856,0.00021,41.62,0.0623,0.1957,0.1906,1.2894,48.0,12.76,11.14,11.13,11.13,11.13,36.87,17.0,1,high_risk,1999,1.0,0.022360679774997883,0
ALS_0134,0.9772,2.8915,72.7,0.02918,0.0585,0.04889,0.01884,20.23,0.001,0.1967,0.1865,0.8512,48.0,28.83,27.83,27.81,27.81,27.81,20.19,60.0,0,low_risk,1999,1.0,0.022360679774997883,0
ALS_0135,0.2221,0.2702,77.9,0.00716,0.01404,0.01188,0.00629,45.0,0.0379,0.074,0.1128,1.1778,48.0,43.19,40.0,37.63,35.76,34.24,12.24,46.0,1,low_risk,1999,1.0,0.022360679774997887,0
ALS_0136,0.2853,0.4032,67.3,0.00849,0.01721,0.01498,0.00712,45.0,0.0117,0.086,0.1222,1.0708,48.0,40.69,34.57,29.34,25.0,21.54,23.0,36.0,1,high_risk,1999,1.0,0.022360679774997887,0
ALS_0137,0.4645,0.8797,51.4,0.01289,0.02692,0.02376,0.02797,22.38,0.0621,0.1175,0.1591,1.19,48.0,41.91,38.47,36.43,35.36,34.85,12.64,43.0,1,low_risk,1999,1.0,0.022360679774997883,0
ALS_0138,0.5092,1.019,43.3,0.01411,0.02947,0.02595,0.02844,26.69,0.0411,0.1249,0.1707,0.4927,48.0,38.92,33.93,31.23,29.92,29.32,18.08,60.0,0,low_risk,1999,1.0,0.02236067977499789,0
ALS_0139,0.7706,1.9773,39.0,0.02205,0.04523,0.03876,0.00637,26.5,0.0339,0.1661,0.1436,0.5098,48.0,29.93,25.24,24.58,24.52,24.51,23.48,47.0,1,high_risk,1999,1.0,0.022360679774997887,0
ALS_0140,0.7195,1.7715,42.7,0.0204,0.04205,0.03625,0.01448,45.0,0.1479,0.1583,0.0362,1.4436,48.0,24.93,18.47,18.19,18.19,18.19,29.81,57.0,1,high_risk,1999,1.0,0.022360679774997887,0
ALS_0141,0.6354,1.4521,73.3,0.01778,0.03692,0.03214,0.00734,28.66,0.1066,0.1452,0.1945,0.4123,48.0,36.52,32.88,31.68,31.32,31.23,16.68,60.0,0,low_risk,1999,1.0,0.02236067977499789,0
ALS_0142,0.3586,0.5815,76.7,0.01019,0.02107,0.01857,0.00559,45.0,0.0481,0.0992,0.1841,0.414,48.0,39.44,34.54,31.39,29.28,27.86,18.72,60.0,0,low_risk,1999,1.0,0.022360679774997887,0
ALS_0143,0.9156,2.6051,35.1,0.02698,0.05448,0.04586,0.01295,45.0,0.0182,0.1877,0.1283,0.2003,48.0,10.41,5.49,5.19,5.17,5.17,42.83,54.0,1,high_risk,1999,1.0,0.022360679774997887,0
ALS_0144,0.0189,0.0052,47.2,0.0041,0.00547,0.00193,0.01866,45.0,0.0936,0.0275,0.1675,1.1473,48.0,46.68,46.24,46.08,46.01,45.97,1.99,60.0,0,low_risk,1999,1.0,0.022360679774997887,0
ALS_0145,0.1942,0.2179,56.5,0.00662,0.0127,0.01052,0.01885,45.0,0.0791,0.0685,0.0954,1.0171,48.0,44.86,43.43,42.55,41.88,41.31,6.12,60.0,0,low_risk,1999,1.0,0.022360679774997887,0
ALS_0146,0.4522,0.8427,69.8,0.01256,0.02622,0.02316,0.01773,32.02,0.1132,0.1154,0.2054,0.423,48.0,40.92,38.39,37.11,36.41,36.04,11.59,60.0,0,low_risk,1999,1.0,0.02236067977499789,0
ALS_0147,0.8982,2.5265,42.8,0.02637,0.05335,0.04501,0.00394,22.63,0.1057,0.1852,0.1679,1.4135,48.0,31.34,30.01,29.99,29.99,29.99,18.01,35.0,1,high_risk,1999,1.0,0.022360679774997887,0
ALS_0148,0.0225,0.0069,63.1,0.00413,0.00558,0.0021,0.00516,43.45,0.0591,0.0286,0.1035,0.5741,48.0,46.41,45.63,45.21,44.97,44.82,3.03,60.0,0,low_risk,1999,1.0,0.022360679774997883,0
ALS_0149,0.2371,0.2999,60.3,0.00747,0.01478,0.01262,0.02324,42.64,0.0434,0.0769,0.2136,1.4062,48.0,43.3,40.45,38.53,37.15,36.11,10.85,60.0,0,low_risk,1999,1.0,0.022360679774997887,0
ALS_0150,0.646,1.4912,44.8,0.0181,0.03756,0.03266,0.02002,45.0,0.0176,0.1469,0.1637,0.4037,48.0,23.11,12.03,8.36,7.38,7.14,40.62,34.0,1,high_risk,1999,1.0,0.022360679774997883,0
ALS_0151,0.7648,1.9536,68.9,0.02186,0.04487,0.03848,0.02997,45.0,0.1135,0.1653,0.1215,0.1765,48.0,23.39,18.37,17.56,17.47,17.45,30.53,48.0,1,high_risk,1999,1.0,0.022360679774997887,0
ALS_0152,0.9348,2.6932,77.5,0.02766,0.05573,0.04681,0.01413,21.04,0.0377,0.1905,0.1123,1.4872,48.0,29.19,28.43,28.43,28.43,28.43,19.57,34.0,1,high_risk,1999,1.0,0.022360679774997887,0
ALS_0153,0.0374,0.0156,34.0,0.00426,0.00607,0.00283,0.02937,36.22,0.1035,0.033,0.1946,0.4093,48.0,46.94,46.62,46.51,46.46,46.44,1.54,60.0,0,low_risk,1999,1.0,0.022360679774997887,0
ALS_0154,0.9125,2.591,34.1,0.02687,0.05427,0.04571,0.02303,45.0,0.119,0.1873,0.0433,1.2087,48.0,14.39,12.41,12.41,12.41,12.41,35.59,60.0,0,high_risk,1999,1.0,0.02236067977499789,0
ALS_0155,0.3067,0.4529,64.2,0.00897,0.01832,0.01603,0.01227,45.0,0.0168,0.0899,0.1443,0.9409,48.0,40.04,33.81,28.81,24.89,21.9,23.11,60.0,0,high_risk,1999,1.0,0.02236067977499789,0
ALS_0156,0.7397,1.8519,73.1,0.02105,0.0433,0.03725,0.01099,45.0,0.0939,0.1614,0.0994,1.1642,48.0,21.22,14.72,14.22,14.2,14.2,33.8,50.0,1,high_risk,1999,1.0,0.022360679774997883,0
ALS_0157,0.0483,0.0235,52.0,0.00437,0.00645,0.00337,0.02176,40.17,0.0395,0.0359,0.194,0.1532,48.0,46.32,45.29,44.63,44.19,43.9,3.81,1.0,1,high_risk,1999,1.0,0.022360679774997883,0
ALS_0158,0.1036,0.0797,33.5,0.00509,0.00862,0.00608,0.01986,40.71,0.1306,0.0493,0.0323,0.7377,48.0,46.63,46.26,46.06,45.88,45.68,2.12,60.0,0,low_risk,1999,1.0,0.022360679774997887,0
ALS_0159,0.5068,1.0112,39.6,0.01404,0.02933,0.02583,0.00332,45.0,0.0765,0.1245,0.2005,1.1338,48.0,34.58,28.05,24.68,23.14,22.49,24.86,53.0,1,high_risk,1999,1.0,0.022360679774997887,0
ALS_0160,0.0297,0.0108,74.2,0.00419,0.00581,0.00246,0.00366,45.0,0.0298,0.0308,0.0899,0.1733,48.0,45.99,44.61,43.62,42.9,42.35,5.1,31.0,1,high_risk,1999,1.0,0.022360679774997894,0
ALS_0161,0.8892,2.4863,68.5,0.02606,0.05277,0.04457,0.01998,30.44,0.1246,0.1839,0.1106,0.0013,48.0,28.94,26.61,26.39,26.37,26.37,21.63,60.0,0,low_risk,1999,1.0,0.022360679774997887,0
ALS_0162,0.6895,1.6548,66.1,0.01945,0.0402,0.03478,0.00931,42.84,0.1061,0.1537,0.1713,0.3451,48.0,28.38,22.8,21.33,21.01,20.94,26.99,50.0,1,high_risk,1999,1.0,0.02236067977499789,0
ALS_0163,0.2588,0.3451,74.6,0.00792,0.01586,0.01368,0.01517,32.37,0.0061,0.0811,0.1285,1.1824,48.0,42.7,38.11,34.13,30.77,28.03,17.23,60.0,0,low_risk,1999,1.0,0.02236067977499789,0
ALS_0164,0.1183,0.0986,76.9,0.00531,0.00924,0.00679,0.02863,45.0,0.0357,0.0526,0.2479,0.9702,48.0,44.06,41.59,39.96,38.84,38.03,9.16,60.0,0,low_risk,1999,1.0,0.02236067977499789,0
ALS_0165,0.1559,0.1534,68.9,0.00593,0.01091,0.00864,0.00134,45.0,0.1269,0.0607,0.2307,0.0018,48.0,45.97,45.47,45.28,45.18,45.1,2.82,24.0,1,high_risk,1999,1.0,0.022360679774997887,0
ALS_0166,0.7003,1.6964,40.6,0.01979,0.04086,0.03531,0.02689,45.0,0.038,0.1554,0.0317,1.1008,48.0,19.16,9.17,8.43,8.42,8.42,39.58,30.0,1,high_risk,1999,1.0,0.022360679774997887,0
ALS_0167,0.264,0.3562,55.1,0.00803,0.01613,0.01394,0.01149,45.0,0.0088,0.082,0.0507,1.3124,48.0,41.58,35.65,29.92,24.59,19.98,23.41,60.0,0,high_risk,1999,1.0,0.02236067977499789,0
ALS_0168,0.3002,0.4375,53.8,0.00882,0.01798,0.01571,0.029,41.15,0.0743,0.0887,0.04,0.475,48.0,42.95,40.15,37.84,35.75,33.96,12.25,60.0,0,low_risk,1999,1.0,0.022360679774997887,0
ALS_0169,0.32,0.4846,46.8,0.00927,0.01901,0.01668,0.02751,42.48,0.0178,0.0923,0.1869,1.3445,48.0,40.45,34.57,29.92,26.32,23.61,21.68,60.0,0,low_risk,1999,1.0,0.022360679774997887,0
ALS_0170,0.0519,0.0264,36.5,0.00441,0.00658,0.00354,0.02909,45.0,0.0095,0.0369,0.0789,0.2711,48.0,45.75,43.79,42.06,40.52,39.13,7.48,60.0,0,low_risk,1999,1.0,0.02236067977499789,0
ALS_0171,0.243,0.312,79.3,0.00759,0.01507,0.01291,0.02236,28.89,0.0588,0.078,0.1698,1.063,48.0,44.24,42.28,41.07,40.24,39.64,7.76,60.0,0,low_risk,1999,1.0,0.02236067977499789,0
ALS_0172,0.9629,2.824,75.7,0.02866,0.05756,0.04818,0.00949,45.0,0.1447,0.1946,0.1459,0.2481,48.0,17.78,15.49,15.4,15.4,15.4,32.6,47.0,1,high_risk,1999,1.0,0.022360679774997894,0
ALS_0173,0.5989,1.3209,37.2,0.01668,0.03473,0.03034,0.00246,44.94,0.0858,0.1394,0.1502,0.6607,48.0,30.61,23.43,20.7,19.88,19.66,28.12,60.0,0,high_risk,1999,1.0,0.022360679774997887,0
ALS_0174,0.1298,0.1143,64.8,0.00549,0.00974,0.00736,0.0109,44.6,0.1277,0.0551,0.1037,1.4777,48.0,46.11,45.6,45.37,45.21,45.06,2.79,60.0,0,low_risk,1999,1.0,0.022360679774997887,0
ALS_0175,0.8117,2.1487,41.1,0.02342,0.04782,0.04077,0.01189,45.0,0.1436,0.1723,0.2053,1.2914,48.0,21.92,17.74,17.46,17.45,17.45,30.55,17.0,1,high_risk,1999,1.0,0.02236067977499789,0
ALS_0176,0.5169,1.0436,55.5,0.01432,0.02991,0.02633,0.01116,45.0,0.1475,0.1262,0.1575,0.3075,48.0,37.64,34.26,32.54,31.7,31.31,16.3,60.0,0,low_risk,1999,1.0,0.022360679774997887,0
ALS_0177,0.2522,0.331,75.5,0.00778,0.01553,0.01336,0.00502,45.0,0.1188,0.0798,0.1249,0.1759,48.0,44.29,43.09,42.43,41.95,41.55,6.05,60.0,0,low_risk,1999,1.0,0.022360679774997887,0
ALS_0178,0.405,0.7063,63.5,0.01133,0.02359,0.02084,0.002,27.08,0.1152,0.1073,0.1749,1.3959,48.0,43.36,41.37,40.12,39.32,38.83,8.68,60.0,0,low_risk,1999,1.0,0.022360679774997887,0
ALS_0179,0.2844,0.4012,40.3,0.00847,0.01716,0.01493,0.02524,42.27,0.0486,0.0858,0.0946,0.3018,48.0,42.62,39.34,36.95,35.08,33.6,12.92,56.0,1,low_risk,1999,1.0,0.022360679774997887,0
ALS_0180,0.9138,2.5971,48.3,0.02692,0.05436,0.04578,0.00732,32.82,0.0948,0.1875,0.1294,0.6496,48.0,24.11,21.78,21.71,21.71,21.71,26.29,60.0,0,high_risk,1999,1.0,0.022360679774997883,0
ALS_0181,0.0705,0.043,63.4,0.00463,0.00728,0.00445,0.02166,42.98,0.1217,0.0416,0.1411,0.8919,48.0,46.47,46.09,45.95,45.88,45.83,2.12,60.0,0,low_risk,1999,1.0,0.022360679774997883,0
ALS_0182,0.3113,0.4637,46.0,0.00908,0.01856,0.01626,0.00227,45.0,0.1487,0.0908,0.1114,0.7533,48.0,43.77,42.41,41.48,40.71,40.09,7.29,47.0,1,low_risk,1999,1.0,0.022360679774997887,0
ALS_0183,0.9918,2.9606,31.1,0.0297,0.05946,0.0496,0.02771,45.0,0.0568,0.1988,0.072,0.5812,48.0,9.76,7.81,7.8,7.8,7.8,40.2,60.0,0,high_risk,1999,1.0,0.022360679774997887,0
ALS_0184,0.9748,2.88,30.2,0.02909,0.05834,0.04877,0.0007,43.23,0.1499,0.1964,0.2364,0.601,48.0,18.62,16.65,16.59,16.59,16.59,31.41,28.0,1,high_risk,1999,1.0,0.022360679774997887,0
ALS_0185,0.1894,0.2093,38.4,0.00653,0.01247,0.01028,0.02016,45.0,0.0169,0.0675,0.0533,1.2112,48.0,43.86,40.4,37.28,34.38,31.7,13.62,60.0,0,low_risk,1999,1.0,0.022360679774997883,0
ALS_0186,0.1397,0.1287,45.9,0.00565,0.01018,0.00785,0.0212,45.0,0.1002,0.0573,0.191,0.7343,48.0,45.93,45.24,44.94,44.78,44.66,3.22,45.0,1,low_risk,1999,1.0,0.0223606797749979,0
ALS_0187,0.5153,1.0385,59.3,0.01428,0.02982,0.02625,0.02554,20.31,0.048,0.1259,0.1789,0.3725,48.0,40.99,37.45,35.63,34.77,34.38,13.23,37.0,1,low_risk,1999,1.0,0.022360679774997894,0
ALS_0188,0.9937,2.9697,56.7,0.02977,0.05958,0.04969,0.00303,45.0,0.0374,0.1991,0.0613,0.7771,48.0,7.69,6.09,6.09,6.09,6.09,41.91,51.0,1,high_risk,1999,1.0,0.022360679774997887,0
ALS_0189,0.4954,0.9752,39.8,0.01373,0.02868,0.02528,0.00539,45.0,0.0013,0.1226,0.1832,1.2876,48.0,30.11,17.03,9.46,5.9,4.42,42.1,60.0,1,high_risk,1999,1.0,0.022360679774997887,0
ALS_0190,0.7916,2.0639,64.3,0.02274,0.04655,0.03979,0.028,38.13,0.0519,0.1693,0.2261,0.1377,48.0,22.95,17.6,16.66,16.51,16.49,31.49,23.0,1,high_risk,1999,1.0,0.02236067977499789,0
ALS_0191,0.9902,2.9529,39.7,0.02964,0.05935,0.04952,0.02597,38.12,0.1028,0.1986,0.1007,1.0524,48.0,17.44,16.36,16.36,16.36,16.36,31.64,31.0,1,high_risk,1999,1.0,0.022360679774997894,0
ALS_0192,0.1893,0.2092,49.4,0.00653,0.01246,0.01028,0.01571,45.0,0.0057,0.0675,0.2431,1.0148,48.0,43.63,39.78,36.37,33.34,30.67,14.66,60.0,0,low_risk,1999,1.0,0.02236067977499789,0
ALS_0193,0.7965,2.0845,78.8,0.02291,0.04686,0.04003,0.00406,45.0,0.0388,0.17,0.1689,0.3893,48.0,16.66,9.66,8.73,8.63,8.62,39.37,42.0,1,high_risk,1999,1.0,0.022360679774997887,0
ALS_0194,0.8704,2.4025,36.2,0.02541,0.05156,0.04365,0.00463,45.0,0.1105,0.1811,0.19,1.1065,48.0,17.33,13.78,13.65,13.65,13.65,34.35,60.0,0,high_risk,1999,1.0,0.022360679774997887,0
ALS_0195,0.6736,1.5943,76.0,0.01895,0.03923,0.03401,0.02411,22.07,0.089,0.1512,0.2198,1.2301,48.0,36.45,33.15,32.5,32.39,32.38,15.61,49.0,1,low_risk,1999,1.0,0.022360679774997887,0
ALS_0196,0.2569,0.3411,47.4,0.00788,0.01577,0.01359,0.00584,29.58,0.0635,0.0807,0.1375,0.9716,48.0,44.96,43.34,42.27,41.48,40.87,6.52,60.0,0,low_risk,1999,1.0,0.02236067977499789,0
ALS_0197,0.0755,0.0481,33.5,0.0047,0.00748,0.0047,0.01169,44.69,0.1403,0.0428,0.1591,0.7826,48.0,46.73,46.46,46.38,46.33,46.3,1.67,60.0,0,low_risk,1999,1.0,0.02236067977499789,0
ALS_0198,0.6656,1.5642,48.4,0.01871,0.03875,0.03362,0.01956,45.0,0.0591,0.15,0.1177,1.4021,48.0,23.41,13.9,12.31,12.17,12.16,35.83,57.0,1,high_risk,1999,1.0,0.022360679774997894,0
ALS_0199,0.9196,2.6236,39.6,0.02712,0.05474,0.04606,0.01886,45.0,0.0421,0.1883,0.2071,0.0032,48.0,13.38,8.71,8.22,8.18,8.17,39.82,14.0,1,high_risk,1999,1.0,0.022360679774997897,0
ALS_0200,0.2577,0.3427,58.4,0.0079,0.01581,0.01363,0.01166,45.0,0.0922,0.0808,0.0666,1.1321,48.0,43.8,41.85,40.38,39.07,37.91,8.93,60.0,0,low_risk,1999,1.0,0.022360679774997887,0
ALS_0201,0.9285,2.6642,65.7,0.02743,0.05531,0.0465,0.01473,22.69,0.081,0.1896,0.218,0.9536,48.0,30.47,29.09,29.06,29.05,29.05,18.95,60.0,0,low_risk,1999,1.0,0.022360679774997894,0
ALS_0202,0.0157,0.0039,70.1,0.00408,0.00538,0.00177,0.02094,45.0,0.0217,0.0265,0.0981,0.6337,48.0,45.51,43.66,42.25,41.15,40.28,6.85,60.0,0,low_risk,1999,1.0,0.022360679774997887,0
ALS_0203,0.7605,1.9357,31.0,0.02172,0.0446,0.03826,0.00845,30.49,0.1098,0.1646,0.0475,0.2362,48.0,31.75,27.58,26.98,26.94,26.94,21.06,60.0,0,low_risk,1999,1.0,0.02236067977499788,0
ALS_0204,0.2497,0.3258,41.1,0.00773,0.01541,0.01324,0.00201,45.0,0.1073,0.0793,0.1474,0.0059,48.0,44.39,43.15,42.51,42.06,41.71,5.94,60.0,0,low_risk,1999,1.0,0.022360679774997887,0
ALS_0205,0.014,0.0032,60.6,0.00407,0.00533,0.00168,0.01852,25.51,0.0448,0.0259,0.1317,1.3748,48.0,46.95,46.35,45.99,45.76,45.61,2.24,60.0,0,low_risk,1999,1.0,0.02236067977499789,0
ALS_0206,0.1652,0.1683,70.7,0.00609,0.01134,0.0091,0.01742,45.0,0.0923,0.0626,0.1063,0.9478,48.0,45.01,43.86,43.25,42.82,42.47,5.18,60.0,0,low_risk,1999,1.0,0.022360679774997883,0
ALS_0207,0.7543,1.9106,67.1,0.02152,0.04421,0.03796,0.00727,21.8,0.0327,0.1636,0.1908,0.5363,48.0,33.46,29.52,28.85,28.76,28.74,19.24,51.0,1,low_risk,1999,1.0,0.022360679774997887,0
ALS_0208,0.024,0.0077,67.5,0.00414,0.00562,0.00217,0.02182,45.0,0.0979,0.0291,0.0679,1.0162,48.0,46.34,45.8,45.59,45.48,45.4,2.52,60.0,0,low_risk,1999,1.0,0.022360679774997887,0
ALS_0209,0.7958,2.0819,76.5,0.02289,0.04682,0.04,0.00088,39.52,0.0985,0.1699,0.1158,1.3721,48.0,22.21,17.74,17.58,17.58,17.58,30.42,6.0,1,high_risk,1999,1.0,0.022360679774997887,0
ALS_0210,0.4025,0.6995,73.9,0.01127,0.02346,0.02072,0.02488,27.53,0.0278,0.1069,0.1746,0.829,48.0,40.15,35.14,31.94,30.01,28.9,17.99,60.0,0,low_risk,1999,1.0,0.022360679774997887,0
ALS_0211,0.2263,0.2783,41.4,0.00725,0.01425,0.01209,0.0143,45.0,0.0827,0.0748,0.0374,1.4007,48.0,44.37,42.53,41.02,39.52,38.03,8.48,60.0,0,low_risk,1999,1.0,0.022360679774997887,0
ALS_0212,0.4442,0.8191,66.3,0.01235,0.02577,0.02277,0.00069,27.01,0.0113,0.1141,0.1541,0.5543,48.0,39.62,33.53,29.42,26.93,25.54,21.07,60.0,0,low_risk,1999,1.0,0.02236067977499789,0
ALS_0213,0.8791,2.4413,68.3,0.02571,0.05212,0.04408,0.02121,30.81,0.0378,0.1824,0.2229,0.0999,48.0,24.41,20.92,20.53,20.5,20.49,27.5,25.0,1,high_risk,1999,1.0,0.02236067977499789,0
ALS_0214,0.1704,0.1767,51.9,0.00618,0.01158,0.00935,0.02535,41.51,0.0644,0.0637,0.1361,0.2746,48.0,45.33,44.01,43.24,42.73,42.35,5.27,60.0,0,low_risk,1999,1.0,0.02236067977499789,0
ALS_0215,0.7964,2.0842,73.5,0.0229,0.04685,0.04002,0.00487,35.68,0.0908,0.17,0.0567,0.3616,48.0,26.01,21.36,20.95,20.94,20.94,27.06,60.0,0,high_risk,1999,1.0,0.02236067977499789,0
ALS_0216,0.2209,0.2679,45.2,0.00714,0.01398,0.01183,0.00168,45.0,0.0627,0.0738,0.07,0.3744,48.0,44.16,42.08,40.63,39.46,38.43,8.54,60.0,0,low_risk,1999,1.0,0.022360679774997887,0
ALS_0217,0.0196,0.0056,46.3,0.00411,0.00549,0.00196,0.02729,33.99,0.1437,0.0278,0.2299,0.873,48.0,47.21,47.05,47.02,47.01,47.0,0.99,60.0,0,low_risk,1999,1.0,0.02236067977499789,0
ALS_0218,0.0366,0.0151,66.2,0.00425,0.00604,0.00279,0.00193,29.38,0.0849,0.0328,0.2386,0.0501,48.0,47.04,46.69,46.55,46.48,46.45,1.52,60.0,0,low_risk,1999,1.0,0.02236067977499789,0
ALS_0219,0.1626,0.164,51.9,0.00604,0.01122,0.00897,0.01877,45.0,0.1102,0.0621,0.2365,1.3094,48.0,45.77,45.09,44.81,44.65,44.53,3.35,60.0,0,low_risk,1999,1.0,0.022360679774997887,0
ALS_0220,0.578,1.248,56.8,0.01607,0.03349,0.02932,0.02421,45.0,0.0301,0.1361,0.1777,0.5806,48.0,27.82,17.58,13.2,11.63,11.11,36.37,60.0,0,high_risk,1999,1.0,0.022360679774997887,0
ALS_0221,0.4944,0.9719,75.1,0.0137,0.02862,0.02522,0.00089,41.64,0.1193,0.1225,0.1629,0.6843,48.0,38.02,34.05,31.92,30.85,30.36,17.15,60.0,0,low_risk,1999,1.0,0.02236067977499789,0
ALS_0222,0.5702,1.2211,36.9,0.01584,0.03303,0.02894,0.00509,22.6,0.0884,0.1348,0.2415,0.5147,48.0,40.28,37.34,36.09,35.58,35.38,12.42,60.0,0,low_risk,1999,1.0,0.022360679774997887,0
ALS_0223,0.5029,0.9988,32.5,0.01393,0.02911,0.02564,0.02643,20.53,0.1013,0.1239,0.0416,0.9073,48.0,42.34,39.05,37.09,36.4,36.25,11.6,60.0,0,low_risk,1999,1.0,0.022360679774997887,0
ALS_0224,0.8325,2.2372,37.8,0.02411,0.04914,0.04179,0.02735,45.0,0.1442,0.1754,0.1155,1.0414,48.0,20.71,16.75,16.61,16.61,16.61,31.39,30.0,1,high_risk,1999,1.0,0.022360679774997894,0
ALS_0225,0.0194,0.0055,51.5,0.0041,0.00548,0.00195,0.01037,45.0,0.1417,0.0277,0.1497,0.927,48.0,46.94,46.73,46.68,46.65,46.64,1.35,60.0,0,low_risk,1999,1.0,0.02236067977499789,0
ALS_0226,0.1361,0.1235,58.3,0.00559,0.01003,0.00767,0.02685,34.6,0.1432,0.0565,0.1156,1.4934,48.0,46.61,46.28,46.13,46.03,45.93,1.97,60.0,0,low_risk,1999,1.0,0.022360679774997887,0
ALS_0227,0.5806,1.2569,54.9,0.01614,0.03364,0.02945,0.00122,45.0,0.0462,0.1365,0.0896,0.8797,48.0,28.36,17.81,13.85,12.92,12.75,35.08,20.0,1,high_risk,1999,1.0,0.022360679774997887,0
ALS_0228,0.2091,0.2453,62.3,0.00691,0.01341,0.01125,0.00235,23.28,0.0911,0.0715,0.0667,1.1203,48.0,46.35,45.63,45.14,44.71,44.32,3.29,60.0,0,low_risk,1999,1.0,0.022360679774997887,0
ALS_0229,0.6135,1.3729,46.0,0.01712,0.0356,0.03106,0.0235,25.29,0.0342,0.1418,0.1088,0.696,48.0,35.53,29.41,27.37,26.91,26.82,21.09,60.0,0,low_risk,1999,1.0,0.02236067977499789,0
ALS_0230,0.7416,1.8595,54.5,0.02111,0.04342,0.03734,0.00079,40.81,0.0192,0.1617,0.0349,0.335,48.0,20.07,11.13,10.02,9.96,9.96,38.04,53.0,1,high_risk,1999,1.0,0.022360679774997887,0
ALS_0231,0.9493,2.7602,31.6,0.02817,0.05667,0.04751,0.02878,20.53,0.051,0.1927,0.0663,1.0536,48.0,30.3,29.43,29.43,29.43,29.43,18.57,15.0,1,high_risk,1999,1.0,0.022360679774997887,0
ALS_0232,0.8892,2.4862,61.3,0.02606,0.05277,0.04457,0.02031,45.0,0.1194,0.1839,0.1831,0.9872,48.0,17.09,14.03,13.94,13.94,13.94,34.06,60.0,0,high_risk,1999,1.0,0.02236067977499789,0
ALS_0233,0.7446,1.8716,58.6,0.02121,0.04361,0.03749,0.0152,22.96,0.0706,0.1622,0.2089,0.0138,48.0,35.31,32.08,31.29,31.12,31.08,16.88,32.0,1,high_risk,1999,1.0,0.022360679774997883,0
ALS_0234,0.9098,2.5789,67.4,0.02678,0.0541,0.04558,0.02942,41.77,0.1196,0.1869,0.0589,0.54,48.0,18.42,15.91,15.88,15.88,15.88,32.12,23.0,1,high_risk,1999,1.0,0.022360679774997887,0
ALS_0235,0.4705,0.8978,73.6,0.01305,0.02725,0.02405,0.00723,45.0,0.144,0.1185,0.2166,0.2074,48.0,38.95,36.34,35.07,34.4,34.03,13.6,60.0,0,low_risk,1999,1.0,0.022360679774997887,0
ALS_0236,0.6805,1.6205,70.2,0.01917,0.03965,0.03434,0.02717,25.99,0.0295,0.1523,0.0665,1.3846,48.0,30.64,25.0,24.52,24.5,24.5,23.5,22.0,1,high_risk,1999,1.0,0.022360679774997883,0
ALS_0237,0.8011,2.1038,59.7,0.02306,0.04715,0.04025,0.02965,45.0,0.0408,0.1707,0.0984,0.5458,48.0,15.58,8.88,8.35,8.33,8.33,39.67,60.0,0,high_risk,1999,1.0,0.022360679774997883,0
ALS_0238,0.2233,0.2724,41.3,0.00719,0.0141,0.01194,0.01084,45.0,0.0229,0.0742,0.0449,0.5775,48.0,43.21,39.42,36.06,32.99,30.18,15.01,60.0,0,low_risk,1999,1.0,0.02236067977499789,0
ALS_0239,0.1676,0.1721,77.8,0.00613,0.01145,0.00921,0.00181,45.0,0.0109,0.0631,0.1465,0.9773,48.0,44.09,40.76,37.88,35.36,33.15,12.64,60.0,0,low_risk,1999,1.0,0.022360679774997887,0
ALS_0240,0.7612,1.9386,59.3,0.02174,0.04464,0.0383,0.00281,41.14,0.0541,0.1647,0.1824,0.5946,48.0,22.04,15.4,14.35,14.23,14.22,33.77,46.0,1,high_risk,1999,1.0,0.02236067977499789,0
ALS_0241,0.9834,2.9205,44.4,0.0294,0.0589,0.04918,0.01229,26.95,0.0723,0.1976,0.2171,0.6615,48.0,26.32,24.93,24.89,24.89,24.89,23.11,60.0,0,high_risk,1999,1.0,0.02236067977499789,0
ALS_0242,0.4861,0.9459,58.7,0.01347,0.02814,0.02482,0.02099,45.0,0.0219,0.1211,0.2078,0.1473,48.0,32.53,23.32,17.96,15.0,13.42,33.0,60.0,0,high_risk,1999,1.0,0.022360679774997894,0
ALS_0243,0.5204,1.0549,72.9,0.01442,0.03011,0.0265,0.01227,45.0,0.0375,0.1267,0.1582,0.1344,48.0,31.17,22.54,18.15,16.09,15.18,31.91,25.0,1,high_risk,1999,1.0,0.022360679774997887,0
ALS_0244,0.9772,2.8912,38.5,0.02917,0.0585,0.04888,0.0057,38.2,0.1123,0.1967,0.1264,1.0772,48.0,18.3,17.04,17.04,17.04,17.04,30.96,41.0,1,high_risk,1999,1.0,0.022360679774997887,0
ALS_0245,0.3423,0.5398,57.5,0.0098,0.0202,0.01777,0.01536,45.0,0.1341,0.0964,0.1309,0.0443,48.0,42.75,41.1,40.14,39.45,38.94,8.55,60.0,0,low_risk,1999,1.0,0.022360679774997894,0
ALS_0246,0.7449,1.8729,76.8,0.02122,0.04363,0.0375,0.01346,45.0,0.1198,0.1622,0.0948,0.9282,48.0,22.96,17.19,16.69,16.67,16.67,31.33,36.0,1,high_risk,1999,1.0,0.022360679774997883,0
ALS_0247,0.7589,1.9293,57.5,0.02167,0.0445,0.03819,0.02768,25.56,0.0152,0.1643,0.0741,0.5787,48.0,29.38,24.26,23.76,23.73,23.73,24.27,31.0,1,high_risk,1999,1.0,0.022360679774997887,0
ALS_0248,0.1774,0.1886,71.1,0.00631,0.0119,0.00969,0.01225,29.53,0.0555,0.0651,0.1783,1.0767,48.0,45.63,44.37,43.6,43.09,42.72,4.91,60.0,0,low_risk,1999,1.0,0.02236067977499789,0
ALS_0249,0.2959,0.4276,71.7,0.00873,0.01776,0.0155,0.00902,45.0,0.0141,0.088,0.2099,0.0041,48.0,40.29,34.43,29.89,26.39,23.68,21.61,60.0,0,low_risk,1999,1.0,0.022360679774997887,0
ALS_0250,0.858,2.3478,32.2,0.02498,0.05076,0.04304,0.0277,43.2,0.0358,0.1792,0.1851,0.1487,48.0,15.99,10.26,9.56,9.49,9.48,38.51,11.0,1,high_risk,1999,1.0,0.022360679774997883,0
ALS_0251,0.6904,1.6584,76.5,0.01948,0.04026,0.03483,0.01699,45.0,0.0014,0.1538,0.0535,0.7792,48.0,15.95,4.65,3.3,3.24,3.24,44.76,31.0,1,high_risk,1999,1.0,0.02236067977499789,0
ALS_0252,0.4269,0.7685,75.7,0.0119,0.0248,0.02192,0.02907,33.82,0.1078,0.1111,0.1845,0.4597,48.0,40.28,37.46,36.02,35.24,34.82,12.76,60.0,0,low_risk,1999,1.0,0.022360679774997887,0
ALS_0253,0.8508,2.3167,37.0,0.02474,0.05031,0.04269,0.02504,45.0,0.1324,0.1782,0.1069,1.1605,48.0,18.67,15.12,15.05,15.04,15.04,32.96,41.0,1,high_risk,1999,1.0,0.022360679774997887,0
ALS_0254,0.7739,1.9906,45.6,0.02216,0.04543,0.03892,0.02796,22.82,0.0755,0.1666,0.087,1.0465,48.0,33.15,29.89,29.71,29.71,29.71,18.29,40.0,1,low_risk,1999,1.0,0.022360679774997887,0
ALS_0255,0.4906,0.96,49.8,0.01359,0.0284,0.02504,0.01276,42.1,0.136,0.1218,0.07,0.2969,48.0,38.72,34.86,32.4,31.07,30.51,16.93,54.0,1,low_risk,1999,1.0,0.02236067977499789,0
ALS_0256,0.9472,2.7507,75.1,0.0281,0.05653,0.04741,0.00422,45.0,0.145,0.1924,0.2386,0.6125,48.0,17.92,15.58,15.48,15.48,15.48,32.52,10.0,1,high_risk,1999,1.0,0.022360679774997887,0
ALS_0257,0.0283,0.01,35.3,0.00418,0.00576,0.00238,0.00722,45.0,0.0417,0.0304,0.2197,0.8562,48.0,46.24,45.2,44.55,44.13,43.86,3.87,60.0,0,low_risk,1999,1.0,0.022360679774997887,0
ALS_0258,0.7143,1.7513,66.7,0.02023,0.04173,0.036,0.01024,31.7,0.0134,0.1575,0.1058,0.1677,48.0,27.28,20.06,18.42,18.14,18.1,29.86,31.0,1,high_risk,1999,1.0,0.022360679774997887,0
ALS_0259,0.1877,0.2064,46.7,0.0065,0.01239,0.0102,0.00986,45.0,0.0191,0.0672,0.1845,1.3014,48.0,43.97,40.83,38.31,36.24,34.52,11.76,60.0,0,low_risk,1999,1.0,0.022360679774997887,0
ALS_0260,0.8571,2.3439,70.6,0.02495,0.05071,0.043,0.00015,30.01,0.0006,0.1791,0.2045,0.2541,48.0,23.34,18.65,18.11,18.06,18.05,29.94,44.0,1,high_risk,1999,1.0,0.022360679774997887,0
ALS_0261,0.0002,0.0,64.3,0.004,0.005,0.00101,0.01588,32.43,0.1092,0.0202,0.1744,0.9906,48.0,47.02,46.74,46.66,46.63,46.61,1.37,60.0,0,low_risk,1999,1.0,0.022360679774997887,0
ALS_0262,0.3653,0.5988,53.6,0.01035,0.02142,0.0189,0.01614,33.13,0.1156,0.1004,0.1553,0.0071,48.0,43.45,41.88,41.0,40.42,40.02,7.58,60.0,0,low_risk,1999,1.0,0.02236067977499789,0
ALS_0263,0.0428,0.0194,44.6,0.00432,0.00625,0.0031,0.01902,45.0,0.1394,0.0345,0.1251,0.4396,48.0,46.86,46.62,46.55,46.52,46.49,1.48,60.0,0,low_risk,1999,1.0,0.022360679774997883,0
ALS_0264,0.1937,0.2171,36.7,0.00661,0.01267,0.01049,0.02788,45.0,0.1421,0.0684,0.1414,1.2094,48.0,45.69,45.1,44.8,44.58,44.37,3.42,60.0,0,low_risk,1999,1.0,0.022360679774997894,0
ALS_0265,0.6164,1.3833,57.7,0.01721,0.03578,0.0312,0.00416,20.01,0.1458,0.1422,0.1739,0.2526,48.0,41.56,39.68,38.97,38.73,38.65,9.27,60.0,0,low_risk,1999,1.0,0.022360679774997887,0
ALS_0266,0.1935,0.2167,30.5,0.00661,0.01266,0.01048,0.01541,25.62,0.0469,0.0684,0.1762,0.6488,48.0,45.96,44.76,43.99,43.44,43.04,4.56,60.0,0,low_risk,1999,1.0,0.022360679774997887,0
ALS_0267,0.7559,1.9172,60.1,0.02157,0.04431,0.03804,0.02754,28.22,0.1031,0.1639,0.09,1.3337,48.0,30.81,27.09,26.91,26.91,26.91,21.09,60.0,0,low_risk,1999,1.0,0.022360679774997894,0
ALS_0268,0.1757,0.1856,62.9,0.00628,0.01182,0.00961,0.02794,45.0,0.1306,0.0648,0.1865,1.197,48.0,45.44,44.77,44.49,44.3,44.16,3.7,60.0,0,low_risk,1999,1.0,0.022360679774997887,0
ALS_0269,0.5352,1.1033,42.8,0.01484,0.03097,0.02722,2e-05,28.37,0.0906,0.1292,0.1104,0.961,48.0,39.0,34.48,32.29,31.5,31.28,16.5,60.0,0,low_risk,1999,1.0,0.022360679774997887,0
ALS_0270,0.314,0.4701,64.0,0.00914,0.0187,0.01639,0.02155,37.07,0.1149,0.0913,0.1098,1.4815,48.0,43.49,41.59,40.25,39.19,38.4,8.81,60.0,0,low_risk,1999,1.0,0.02236067977499789,0
ALS_0271,0.7237,1.7883,37.5,0.02053,0.04231,0.03646,0.02142,39.73,0.0015,0.159,0.223,0.022,48.0,21.55,12.15,9.48,8.79,8.62,39.21,23.0,1,high_risk,1999,1.0,0.02236067977499789,0
ALS_0272,0.9336,2.6877,55.4,0.02762,0.05565,0.04675,0.01607,45.0,0.0191,0.1904,0.0378,0.1731,48.0,9.48,5.21,5.1,5.1,5.1,42.9,60.0,0,high_risk,1999,1.0,0.022360679774997887,0
ALS_0273,0.9131,2.5941,56.2,0.02689,0.05432,0.04574,0.0118,26.46,0.0948,0.1874,0.2355,1.3754,48.0,28.12,26.55,26.51,26.51,26.51,21.49,33.0,1,high_risk,1999,1.0,0.02236067977499789,0
ALS_0274,0.6651,1.5622,50.3,0.01869,0.03872,0.03359,0.00981,42.11,0.1107,0.1499,0.1208,0.9868,48.0,29.13,22.42,20.94,20.74,20.72,27.26,60.0,0,high_risk,1999,1.0,0.022360679774997887,0
ALS_0275,0.8003,2.1004,50.9,0.02303,0.0471,0.04021,0.01808,42.88,0.0765,0.1706,0.0471,1.2236,48.0,17.86,12.86,12.77,12.77,12.77,35.23,17.0,1,high_risk,1999,1.0,0.022360679774997883,0
ALS_0276,0.0344,0.0137,52.3,0.00423,0.00596,0.00269,0.00485,21.07,0.0422,0.0322,0.0463,0.4945,48.0,47.17,46.66,46.33,46.1,45.93,1.9,60.0,0,low_risk,1999,1.0,0.022360679774997887,0
ALS_0277,0.7341,1.8295,43.3,0.02087,0.04295,0.03697,0.02786,45.0,0.0682,0.1606,0.1042,1.4878,48.0,19.51,12.04,11.55,11.54,11.54,36.46,46.0,1,high_risk,1999,1.0,0.022360679774997887,0
ALS_0278,0.4617,0.8711,69.5,0.01281,0.02676,0.02362,0.00596,45.0,0.0441,0.117,0.0872,0.8019,48.0,34.58,25.99,20.59,17.84,16.69,30.16,60.0,0,high_risk,1999,1.0,0.022360679774997887,0
ALS_0279,0.128,0.1119,63.0,0.00546,0.00967,0.00727,0.00601,37.7,0.0848,0.0548,0.1444,1.1468,48.0,46.16,45.44,45.09,44.88,44.73,3.12,60.0,0,low_risk,1999,1.0,0.022360679774997887,0
ALS_0280,0.8033,2.113,54.9,0.02313,0.04729,0.04036,0.00813,45.0,0.1411,0.1711,0.074,0.2332,48.0,24.16,19.41,18.85,18.81,18.81,29.19,35.0,1,high_risk,1999,1.0,0.022360679774997894,0
ALS_0281,0.2266,0.279,73.2,0.00725,0.01426,0.01211,0.00952,22.47,0.1451,0.0749,0.0804,1.3841,48.0,46.47,46.01,45.68,45.39,45.11,2.61,60.0,0,low_risk,1999,1.0,0.022360679774997883,0
ALS_0282,0.7956,2.081,50.6,0.02288,0.0468,0.03999,0.01656,43.24,0.0435,0.1699,0.0651,0.144,48.0,18.76,11.72,10.82,10.76,10.75,37.24,38.0,1,high_risk,1999,1.0,0.022360679774997883,0
ALS_0283,0.7465,1.879,69.9,0.02127,0.04372,0.03758,0.00297,35.35,0.091,0.1625,0.1849,0.1827,48.0,29.25,24.66,23.66,23.47,23.44,24.53,32.0,1,high_risk,1999,1.0,0.022360679774997883,0
ALS_0284,0.9447,2.739,45.9,0.02801,0.05637,0.04729,0.00924,44.62,0.1417,0.192,0.0924,0.951,48.0,16.15,14.27,14.26,14.26,14.26,33.74,26.0,1,high_risk,1999,1.0,0.022360679774997883,0
ALS_0285,0.3968,0.6837,36.7,0.01113,0.02314,0.02044,0.00063,26.6,0.0804,0.1059,0.1348,1.3128,48.0,42.94,40.21,38.35,37.13,36.4,10.87,60.0,0,low_risk,1999,1.0,0.02236067977499789,0
ALS_0286,0.0675,0.0402,54.1,0.0046,0.00716,0.00431,0.00209,45.0,0.0925,0.0408,0.0706,0.186,48.0,46.46,45.91,45.66,45.51,45.4,2.49,60.0,0,low_risk,1999,1.0,0.02236067977499789,0
ALS_0287,0.1771,0.1881,37.1,0.0063,0.01189,0.00968,0.01376,40.22,0.0165,0.0651,0.0602,0.8728,48.0,44.53,41.65,39.11,36.79,34.68,11.21,60.0,0,low_risk,1999,1.0,0.02236067977499789,0
ALS_0288,0.0524,0.0268,77.4,0.00442,0.0066,0.00357,0.0167,21.0,0.0581,0.037,0.1259,0.6381,48.0,46.9,46.36,46.06,45.88,45.77,2.12,60.0,0,low_risk,1999,1.0,0.022360679774997887,0
ALS_0289,0.0365,0.015,61.0,0.00425,0.00603,0.00279,0.02263,45.0,0.105,0.0327,0.0538,0.47,48.0,46.52,46.07,45.89,45.78,45.7,2.22,60.0,0,low_risk,1999,1.0,0.022360679774997883,0
ALS_0290,0.279,0.3892,34.2,0.00835,0.01689,0.01467,0.0016,29.0,0.0847,0.0848,0.048,0.0392,48.0,44.97,43.53,42.46,41.51,40.67,6.49,60.0,0,low_risk,1999,1.0,0.022360679774997887,0
ALS_0291,0.3142,0.4706,53.7,0.00914,0.01871,0.0164,0.00158,45.0,0.0663,0.0913,0.2153,0.7354,48.0,41.93,38.9,37.06,35.81,34.93,12.19,15.0,1,high_risk,1999,1.0,0.022360679774997894,0
ALS_0292,0.6861,1.6419,71.5,0.01934,0.04,0.03462,0.01428,39.97,0.0418,0.1532,0.2017,1.3278,48.0,23.71,15.74,14.32,14.13,14.11,33.87,60.0,0,high_risk,1999,1.0,0.02236067977499789,0
ALS_0293,0.7642,1.9511,45.4,0.02184,0.04483,0.03845,0.00703,45.0,0.0647,0.1652,0.0756,0.6987,48.0,19.27,12.05,11.42,11.4,11.4,36.6,60.0,0,high_risk,1999,1.0,0.022360679774997887,0
ALS_0294,0.6777,1.6098,62.0,0.01908,0.03948,0.03421,0.00654,20.82,0.072,0.1519,0.1172,0.4468,48.0,37.54,33.89,32.96,32.8,32.77,15.2,60.0,0,low_risk,1999,1.0,0.022360679774997887,0
ALS_0295,0.6281,1.4256,75.3,0.01756,0.03648,0.03178,0.00436,36.54,0.0519,0.1441,0.0371,0.6648,48.0,29.78,21.18,19.04,18.81,18.8,29.19,60.0,0,high_risk,1999,1.0,0.022360679774997887,0
ALS_0296,0.0349,0.014,39.0,0.00424,0.00598,0.00271,0.02922,21.59,0.121,0.0323,0.1714,0.9696,48.0,47.42,47.28,47.23,47.21,47.2,0.79,60.0,0,low_risk,1999,1.0,0.022360679774997887,0
ALS_0297,0.1847,0.2011,73.1,0.00644,0.01225,0.01005,0.01585,45.0,0.1012,0.0666,0.1318,1.2217,48.0,44.81,43.68,43.08,42.68,42.35,5.32,60.0,0,low_risk,1999,1.0,0.022360679774997887,0
ALS_0298,0.2866,0.4063,53.1,0.00852,0.01728,0.01505,0.02437,34.32,0.0786,0.0862,0.0343,1.4752,48.0,44.09,41.78,39.65,37.58,35.77,10.42,53.0,1,low_risk,1999,1.0,0.022360679774997887,0
ALS_0299,0.0037,0.0004,78.5,0.00401,0.00507,0.00118,0.01824,45.0,0.1442,0.022,0.2039,0.6032,48.0,46.54,46.27,46.21,46.19,46.17,1.81,60.0,0,low_risk,1999,1.0,0.022360679774997887,0
ALS_0300,0.9556,2.7899,63.9,0.0284,0.05708,0.04783,0.02666,41.63,0.0334,0.1936,0.1527,0.6963,48.0,11.75,9.31,9.27,9.27,9.27,38.73,57.0,1,high_risk,1999,1.0,0.022360679774997887,0
ALS_0301,0.6887,1.652,63.4,0.01943,0.04016,0.03475,0.01141,25.51,0.0811,0.1536,0.2006,0.1933,48.0,35.6,31.95,30.92,30.65,30.59,17.35,36.0,1,low_risk,1999,1.0,0.02236067977499789,0
ALS_0302,0.4482,0.8306,42.4,0.01245,0.02599,0.02296,0.02094,45.0,0.057,0.1147,0.1927,1.2754,48.0,36.32,29.69,25.67,23.42,22.24,24.58,60.0,0,high_risk,1999,1.0,0.02236067977499789,0
ALS_0303,0.3296,0.5079,33.5,0.0095,0.01952,0.01715,0.01158,35.31,0.1062,0.0941,0.2442,0.3258,48.0,43.74,42.26,41.51,41.04,40.72,6.96,60.0,0,low_risk,1999,1.0,0.022360679774997883,0
ALS_0304,0.8294,2.224,49.9,0.02401,0.04894,0.04164,0.01668,42.42,0.0756,0.175,0.0444,0.4803,48.0,19.02,13.86,13.62,13.62,13.62,34.38,3.0,1,high_risk,1999,1.0,0.022360679774997887,0
ALS_0305,0.8299,2.226,48.0,0.02403,0.04897,0.04166,0.01336,45.0,0.1484,0.1751,0.1788,1.2905,48.0,21.06,17.25,17.08,17.07,17.07,30.93,60.0,0,high_risk,1999,1.0,0.022360679774997887,0
ALS_0306,0.1548,0.1516,50.0,0.00591,0.01086,0.00858,0.02218,45.0,0.1318,0.0605,0.1911,1.1668,48.0,46.05,45.56,45.37,45.25,45.15,2.75,19.0,1,high_risk,1999,1.0,0.02236067977499789,0
ALS_0307,0.3069,0.4533,70.2,0.00898,0.01833,0.01604,0.02071,45.0,0.0569,0.09,0.1694,0.6576,48.0,40.89,37.05,34.61,32.95,31.77,15.05,53.0,1,low_risk,1999,1.0,0.022360679774997887,0
ALS_0308,0.9446,2.7386,34.6,0.02801,0.05637,0.04729,0.0253,45.0,0.0719,0.192,0.0511,1.2371,48.0,10.29,8.73,8.73,8.73,8.73,39.27,31.0,1,high_risk,1999,1.0,0.022360679774997887,0
ALS_0309,0.7386,1.8476,63.4,0.02101,0.04324,0.03719,0.00187,20.42,0.0668,0.1613,0.1818,1.0226,48.0,35.69,32.38,31.92,31.87,31.87,16.13,39.0,1,low_risk,1999,1.0,0.02236067977499789,0
ALS_0310,0.8135,2.1561,53.7,0.02347,0.04793,0.04086,0.02205,43.67,0.0385,0.1726,0.103,1.0686,48.0,14.7,8.95,8.74,8.73,8.73,39.27,20.0,1,high_risk,1999,1.0,0.022360679774997887,0
ALS_0311,0.1956,0.2204,45.0,0.00665,0.01276,0.01058,0.02904,25.89,0.1464,0.0688,0.1735,1.4876,48.0,46.68,46.36,46.21,46.1,46.01,1.9,60.0,0,low_risk,1999,1.0,0.022360679774997883,0
ALS_0312,0.5349,1.1026,51.7,0.01483,0.03096,0.02721,0.02288,23.45,0.0212,0.1291,0.1088,0.2665,48.0,38.57,32.93,29.97,28.69,28.21,19.31,24.0,1,high_risk,1999,1.0,0.022360679774997883,0
ALS_0313,0.7266,1.7996,54.1,0.02063,0.04249,0.0366,0.02397,23.1,0.0614,0.1594,0.2062,0.5537,48.0,34.81,30.99,30.18,30.04,30.02,17.96,60.0,0,low_risk,1999,1.0,0.02236067977499789,0
ALS_0314,0.3189,0.4819,36.2,0.00925,0.01896,0.01663,0.01863,30.1,0.0822,0.0921,0.0305,0.6551,48.0,44.07,41.86,39.91,38.1,36.63,9.9,52.0,1,low_risk,1999,1.0,0.022360679774997883,0
ALS_0315,0.7983,2.0921,67.4,0.02297,0.04697,0.04012,0.02115,35.94,0.0121,0.1703,0.1887,1.0493,48.0,19.31,13.79,13.38,13.36,13.36,34.64,60.0,0,high_risk,1999,1.0,0.02236067977499789,0
ALS_0316,0.8005,2.1015,38.9,0.02304,0.04711,0.04023,0.02093,42.22,0.0863,0.1707,0.0407,1.4443,48.0,18.32,13.87,13.83,13.83,13.83,34.17,41.0,1,high_risk,1999,1.0,0.022360679774997883,0
ALS_0317,0.227,0.2797,67.3,0.00726,0.01428,0.01212,0.01591,26.88,0.0317,0.075,0.1507,1.3968,48.0,44.87,42.71,41.1,39.85,38.86,8.15,60.0,0,low_risk,1999,1.0,0.022360679774997887,0
ALS_0318,0.6544,1.5223,63.3,0.01836,0.03807,0.03307,0.02929,26.28,0.0172,0.1482,0.0516,1.499,48.0,30.88,24.03,23.34,23.32,23.32,24.68,19.0,1,high_risk,1999,1.0,0.02236067977499789,0
ALS_0319,0.2076,0.2425,53.2,0.00688,0.01334,0.01117,0.0133,28.21,0.1105,0.0712,0.0573,0.4788,48.0,46.21,45.55,45.12,44.72,44.34,3.28,60.0,0,low_risk,1999,1.0,0.02236067977499789,0
ALS_0320,0.3809,0.6403,76.3,0.01073,0.02227,0.01966,0.00247,40.79,0.0475,0.1032,0.1387,0.2378,48.0,39.66,34.79,31.57,29.4,27.98,18.6,60.0,0,low_risk,1999,1.0,0.022360679774997894,0
ALS_0321,0.2944,0.4241,47.0,0.00869,0.01768,0.01543,0.02819,45.0,0.0095,0.0877,0.2019,0.0352,48.0,40.71,34.82,30.02,26.15,23.05,21.85,60.0,0,low_risk,1999,1.0,0.022360679774997883,0
ALS_0322,0.7319,1.8208,66.3,0.0208,0.04282,0.03686,0.00435,25.44,0.1067,0.1602,0.0591,0.8266,48.0,34.13,30.25,29.88,29.87,29.86,18.13,60.0,0,low_risk,1999,1.0,0.02236067977499789,0
ALS_0323,0.5364,1.1075,64.2,0.01487,0.03105,0.02728,0.02363,41.83,0.0498,0.1294,0.13,1.2033,48.0,31.44,22.44,18.52,17.27,16.94,30.73,60.0,0,high_risk,1999,1.0,0.022360679774997887,0
ALS_0324,0.2124,0.2516,30.8,0.00697,0.01357,0.01141,0.00931,45.0,0.0586,0.0721,0.0796,0.2467,48.0,44.26,42.19,40.79,39.69,38.76,8.31,60.0,0,low_risk,1999,1.0,0.02236067977499789,0
ALS_0325,0.4744,0.9099,61.2,0.01315,0.02748,0.02425,0.01871,45.0,0.0989,0.1191,0.1696,0.2074,48.0,37.1,32.84,30.62,29.42,28.8,18.58,60.0,0,low_risk,1999,1.0,0.022360679774997894,0
ALS_0326,0.8756,2.4256,40.8,0.02559,0.0519,0.04391,0.00355,30.26,0.0578,0.1819,0.0715,0.5375,48.0,25.03,22.0,21.91,21.91,21.91,26.09,60.0,0,high_risk,1999,1.0,0.022360679774997894,0
ALS_0327,0.4167,0.7392,63.9,0.01163,0.02424,0.02142,0.01153,33.4,0.0367,0.1094,0.2147,1.0967,48.0,39.42,34.08,30.66,28.56,27.32,19.44,60.0,0,low_risk,1999,1.0,0.022360679774997887,0
ALS_0328,0.1323,0.1179,30.1,0.00553,0.00985,0.00748,0.0085,45.0,0.1286,0.0557,0.211,0.8893,48.0,46.25,45.81,45.66,45.57,45.5,2.43,60.0,0,low_risk,1999,1.0,0.022360679774997887,0
ALS_0329,0.3014,0.4402,49.1,0.00885,0.01804,0.01577,0.01194,45.0,0.1206,0.0889,0.0927,0.4785,48.0,43.5,41.83,40.69,39.75,38.98,8.25,60.0,0,low_risk,1999,1.0,0.022360679774997894,0
ALS_0330,0.1161,0.0957,75.5,0.00528,0.00915,0.00669,0.01767,45.0,0.0547,0.0522,0.031,0.0932,48.0,44.97,43.3,42.19,41.31,40.53,6.69,60.0,0,low_risk,1999,1.0,0.022360679774997887,0
ALS_0331,0.1344,0.1209,64.1,0.00557,0.00995,0.00758,0.01179,30.96,0.1163,0.0561,0.092,0.7653,48.0,46.59,46.17,45.97,45.82,45.7,2.18,60.0,0,low_risk,1999,1.0,0.022360679774997887,0
ALS_0332,0.9316,2.6785,56.1,0.02755,0.05552,0.04665,0.00695,45.0,0.0062,0.1901,0.2393,0.4007,48.0,8.64,4.03,3.75,3.73,3.73,44.27,21.0,1,high_risk,1999,1.0,0.022360679774997887,0
ALS_0333,0.1072,0.0842,78.1,0.00514,0.00877,0.00625,0.0105,44.7,0.0643,0.0502,0.1463,0.9434,48.0,45.46,44.25,43.6,43.2,42.93,4.8,51.0,1,low_risk,1999,1.0,0.022360679774997887,0
ALS_0334,0.5033,0.9999,39.8,0.01394,0.02913,0.02566,0.01639,45.0,0.1271,0.1239,0.16,0.8393,48.0,37.12,32.75,30.42,29.3,28.82,18.7,60.0,0,low_risk,1999,1.0,0.022360679774997887,0
ALS_0335,0.8765,2.4296,79.4,0.02562,0.05195,0.04395,0.01948,45.0,0.017,0.182,0.1679,0.0407,48.0,11.26,5.8,5.26,5.21,5.2,42.79,43.0,1,high_risk,1999,1.0,0.02236067977499789,0
ALS_0336,0.4323,0.7841,48.9,0.01204,0.0251,0.02218,0.00075,26.16,0.0355,0.112,0.034,0.837,48.0,40.89,35.49,31.43,29.21,28.37,18.79,60.0,0,low_risk,1999,1.0,0.022360679774997883,0
ALS_0337,0.639,1.4653,72.0,0.01789,0.03713,0.03231,0.01731,41.07,0.1015,0.1458,0.163,0.3449,48.0,30.59,25.1,23.38,22.92,22.81,25.08,23.0,1,high_risk,1999,1.0,0.022360679774997883,0
ALS_0338,0.2111,0.249,79.0,0.00695,0.01351,0.01134,0.02766,41.7,0.0661,0.0719,0.2113,0.1953,48.0,43.23,41.02,39.81,39.06,38.55,8.94,60.0,0,low_risk,1999,1.0,0.022360679774997887,0
ALS_0339,0.3237,0.4935,37.9,0.00936,0.01921,0.01686,0.01278,45.0,0.1073,0.093,0.1136,0.5074,48.0,42.68,40.54,39.14,38.08,37.26,9.92,60.0,0,low_risk,1999,1.0,0.02236067977499789,0
ALS_0340,0.8579,2.3475,70.1,0.02498,0.05076,0.04304,0.02351,44.7,0.1012,0.1792,0.0695,0.5497,48.0,17.21,13.36,13.24,13.24,13.24,34.76,32.0,1,high_risk,1999,1.0,0.022360679774997883,0
ALS_0341,0.9082,2.5718,35.4,0.02672,0.054,0.0455,0.02165,45.0,0.1141,0.1867,0.141,0.5714,48.0,17.14,13.91,13.78,13.78,13.78,34.22,47.0,1,high_risk,1999,1.0,0.022360679774997887,0
ALS_0342,0.285,0.4026,52.0,0.00848,0.01719,0.01496,0.01815,27.31,0.1266,0.0859,0.0583,0.3408,48.0,45.55,44.65,43.96,43.32,42.74,4.68,60.0,0,low_risk,1999,1.0,0.022360679774997894,0
ALS_0343,0.8692,2.397,65.5,0.02537,0.05148,0.04359,0.01574,45.0,0.0967,0.1809,0.121,0.2574,48.0,18.05,13.87,13.55,13.53,13.53,34.47,36.0,1,high_risk,1999,1.0,0.022360679774997897,0
ALS_0344,0.9863,2.9344,41.4,0.0295,0.05909,0.04933,0.01702,22.77,0.093,0.198,0.2005,0.527,48.0,30.52,29.37,29.34,29.33,29.33,18.67,54.0,1,low_risk,1999,1.0,0.022360679774997887,0
ALS_0345,0.9799,2.9043,54.2,0.02927,0.05868,0.04902,0.01978,40.19,0.0191,0.1971,0.1539,0.7558,48.0,11.56,9.41,9.39,9.39,9.39,38.61,48.0,1,high_risk,1999,1.0,0.022360679774997887,0
ALS_0346,0.4178,0.7425,40.7,0.01166,0.0243,0.02147,0.02098,45.0,0.1117,0.1095,0.1968,1.3227,48.0,39.82,36.36,34.28,33.0,32.24,15.0,60.0,0,low_risk,1999,1.0,0.02236067977499789,0
ALS_0347,0.0362,0.0148,53.5,0.00425,0.00603,0.00277,0.00149,45.0,0.0356,0.0327,0.0877,0.3371,48.0,46.15,44.94,44.13,43.56,43.14,4.44,60.0,0,low_risk,1999,1.0,0.022360679774997883,0
ALS_0348,0.235,0.2956,50.1,0.00742,0.01467,0.01251,0.01199,29.42,0.1189,0.0765,0.039,0.1491,48.0,45.91,45.15,44.58,44.01,43.43,3.99,60.0,0,low_risk,1999,1.0,0.022360679774997887,0
ALS_0349,0.9875,2.9403,55.9,0.02955,0.05918,0.04939,0.00645,45.0,0.0743,0.1982,0.0705,0.197,48.0,12.45,9.83,9.77,9.77,9.77,38.23,60.0,0,high_risk,1999,1.0,0.022360679774997887,0
ALS_0350,0.5824,1.2631,60.2,0.0162,0.03375,0.02954,0.00659,45.0,0.1388,0.1368,0.0489,1.3474,48.0,32.72,24.87,22.45,22.17,22.15,25.83,23.0,1,high_risk,1999,1.0,0.022360679774997887,0
ALS_0351,0.1506,0.1451,41.1,0.00584,0.01067,0.00838,0.01348,45.0,0.0807,0.0596,0.1602,1.3177,48.0,45.59,44.59,44.07,43.75,43.52,4.25,60.0,0,low_risk,1999,1.0,0.022360679774997883,0
ALS_0352,0.4124,0.7271,61.6,0.01152,0.024,0.02121,0.01541,30.82,0.106,0.1086,0.0684,0.5862,48.0,42.19,39.38,37.34,35.97,35.2,12.03,16.0,1,high_risk,1999,1.0,0.022360679774997883,0
ALS_0353,0.6826,1.6285,54.8,0.01923,0.03978,0.03445,0.0146,41.77,0.1082,0.1526,0.1241,1.4565,48.0,27.39,20.48,19.48,19.4,19.39,28.6,38.0,1,high_risk,1999,1.0,0.022360679774997883,0
ALS_0354,0.4216,0.7532,32.5,0.01176,0.02451,0.02166,0.02842,45.0,0.0296,0.1102,0.0614,1.3379,48.0,35.84,26.22,19.06,15.07,13.41,32.93,60.0,0,high_risk,1999,1.0,0.022360679774997887,0
ALS_0355,0.2626,0.3532,51.6,0.008,0.01605,0.01387,0.02343,45.0,0.06,0.0818,0.2039,0.1019,48.0,43.2,40.74,39.27,38.3,37.6,9.7,60.0,0,low_risk,1999,1.0,0.022360679774997887,0
ALS_0356,0.338,0.5289,68.3,0.00969,0.01996,0.01756,0.01569,45.0,0.1284,0.0956,0.1569,0.3127,48.0,42.3,40.46,39.44,38.75,38.25,9.25,60.0,0,low_risk,1999,1.0,0.02236067977499789,0
ALS_0357,0.7253,1.7947,53.6,0.02059,0.04241,0.03654,0.01313,21.27,0.1089,0.1592,0.1642,0.2955,48.0,37.69,35.01,34.39,34.28,34.26,13.72,60.0,0,low_risk,1999,1.0,0.022360679774997883,0
ALS_0358,0.0582,0.0317,36.5,0.00449,0.00681,0.00385,0.0113,45.0,0.0539,0.0385,0.1783,0.4793,48.0,46.2,45.25,44.72,44.4,44.2,3.6,60.0,0,low_risk,1999,1.0,0.02236067977499789,0
ALS_0359,0.3348,0.521,55.6,0.00962,0.0198,0.01741,0.00335,42.74,0.1436,0.095,0.1672,0.7406,48.0,43.41,41.99,41.15,40.54,40.08,7.46,60.0,0,low_risk,1999,1.0,0.02236067977499789,0
ALS_0360,0.8064,2.1263,73.8,0.02324,0.04749,0.04051,0.02365,25.62,0.1449,0.1715,0.1144,0.6153,48.0,33.25,30.92,30.75,30.75,30.75,17.25,60.0,0,low_risk,1999,1.0,0.022360679774997887,0
ALS_0361,0.2812,0.3941,41.6,0.0084,0.017,0.01478,0.00645,25.39,0.0658,0.0852,0.2359,0.2653,48.0,45.1,43.7,42.9,42.38,42.01,5.62,60.0,0,low_risk,1999,1.0,0.022360679774997887,0
ALS_0362,0.2111,0.2491,65.1,0.00695,0.01351,0.01134,0.0171,45.0,0.0796,0.0719,0.1615,0.2781,48.0,44.27,42.67,41.81,41.26,40.85,6.74,60.0,0,low_risk,1999,1.0,0.022360679774997894,0
ALS_0363,0.9128,2.5925,47.8,0.02688,0.0543,0.04573,0.02242,32.76,0.0602,0.1873,0.1921,0.6217,48.0,22.68,19.94,19.82,19.81,19.81,28.19,60.0,1,high_risk,1999,1.0,0.022360679774997897,0
ALS_0364,0.143,0.1335,69.0,0.00571,0.01033,0.00801,0.01125,45.0,0.0582,0.058,0.2407,0.2132,48.0,45.08,43.61,42.8,42.31,41.98,5.69,60.0,0,low_risk,1999,1.0,0.022360679774997887,0
ALS_0365,0.8835,2.4606,36.3,0.02586,0.0524,0.04429,0.02389,44.64,0.1371,0.183,0.0933,0.3133,48.0,20.43,16.85,16.65,16.64,16.64,31.36,60.0,0,high_risk,1999,1.0,0.02236067977499789,0
ALS_0366,0.1371,0.1248,41.6,0.00561,0.01007,0.00772,0.00382,21.55,0.1452,0.0567,0.1039,0.5897,48.0,47.2,47.01,46.93,46.87,46.81,1.13,60.0,0,low_risk,1999,1.0,0.022360679774997887,0
ALS_0367,0.0732,0.0457,50.6,0.00467,0.00739,0.00459,0.02686,35.76,0.135,0.0422,0.0981,0.2799,48.0,46.97,46.73,46.65,46.6,46.55,1.4,60.0,0,low_risk,1999,1.0,0.02236067977499789,0
ALS_0368,0.9959,2.9804,73.0,0.02985,0.05973,0.0498,0.00246,27.64,0.1415,0.1994,0.0352,0.8861,48.0,27.03,26.39,26.39,26.39,26.39,21.61,29.0,1,high_risk,1999,1.0,0.022360679774997887,0
ALS_0369,0.9324,2.6822,38.9,0.02757,0.05557,0.04669,0.02855,36.33,0.1058,0.1902,0.0396,1.3669,48.0,19.32,18.14,18.14,18.14,18.14,29.86,50.0,1,high_risk,1999,1.0,0.022360679774997887,0
ALS_0370,0.5019,0.9956,65.9,0.0139,0.02905,0.02559,0.02034,35.99,0.1215,0.1237,0.2069,1.2954,48.0,38.48,34.71,32.86,32.05,31.72,15.95,60.0,0,low_risk,1999,1.0,0.022360679774997894,0
ALS_0371,0.482,0.9333,63.5,0.01336,0.02791,0.02462,0.01572,43.45,0.1312,0.1204,0.1616,0.611,48.0,38.19,34.58,32.65,31.65,31.18,16.35,60.0,0,low_risk,1999,1.0,0.02236067977499789,0
ALS_0372,0.7015,1.7013,58.0,0.01983,0.04094,0.03537,0.01149,45.0,0.0579,0.1556,0.0636,0.0644,48.0,23.68,15.45,13.36,13.02,12.97,34.98,30.0,1,high_risk,1999,1.0,0.022360679774997887,0
ALS_0373,0.6965,1.682,79.1,0.01967,0.04064,0.03513,0.01315,39.96,0.0226,0.1548,0.1854,0.2308,48.0,23.05,14.72,12.58,12.11,12.01,35.89,60.0,0,high_risk,1999,1.0,0.022360679774997897,0
ALS_0374,0.4059,0.7089,78.9,0.01136,0.02364,0.02089,0.00467,37.81,0.0399,0.1075,0.1588,0.6957,48.0,38.83,33.16,29.43,27.07,25.64,20.93,49.0,1,low_risk,1999,1.0,0.022360679774997887,0
ALS_0375,0.3747,0.6239,38.9,0.01058,0.02194,0.01936,0.01033,45.0,0.0034,0.1021,0.0829,0.4863,48.0,36.99,27.46,19.56,13.73,9.88,34.27,60.0,0,high_risk,1999,1.0,0.022360679774997894,0
ALS_0376,0.0266,0.009,69.2,0.00416,0.00571,0.0023,0.01146,45.0,0.0095,0.0299,0.227,1.0651,48.0,45.58,43.52,41.74,40.2,38.87,7.8,12.0,1,high_risk,1999,1.0,0.022360679774997897,0
ALS_0377,0.5874,1.2807,43.4,0.01635,0.03405,0.02978,0.02644,41.36,0.0832,0.1376,0.2315,0.4758,48.0,32.82,27.05,24.7,23.8,23.47,24.2,51.0,1,high_risk,1999,1.0,0.022360679774997897,0
ALS_0378,0.0225,0.0069,76.0,0.00413,0.00558,0.0021,0.00408,34.56,0.134,0.0287,0.0523,1.187,48.0,47.08,46.88,46.81,46.77,46.73,1.23,60.0,0,low_risk,1999,1.0,0.022360679774997887,0
ALS_0379,0.3394,0.5325,44.0,0.00973,0.02004,0.01763,0.01482,39.47,0.0343,0.0958,0.2066,1.0058,48.0,40.96,36.31,33.02,30.66,28.97,17.34,60.0,0,low_risk,1999,1.0,0.022360679774997887,0
ALS_0380,0.0026,0.0002,60.5,0.00401,0.00504,0.00113,0.00917,43.67,0.0945,0.0215,0.0608,0.618,48.0,46.7,46.26,46.1,46.02,45.97,1.98,8.0,1,high_risk,1999,1.0,0.02236067977499789,0
ALS_0381,0.8219,2.1918,56.7,0.02376,0.04846,0.04127,0.0274,45.0,0.0157,0.1739,0.1828,0.6171,48.0,12.88,5.9,5.23,5.19,5.18,42.81,22.0,1,high_risk,1999,1.0,0.022360679774997883,0
ALS_0382,0.1376,0.1256,49.5,0.00562,0.01009,0.00774,0.02181,45.0,0.0418,0.0568,0.0359,1.2762,48.0,45.24,43.46,42.1,40.93,39.84,7.07,60.0,0,low_risk,1999,1.0,0.022360679774997887,0
ALS_0383,0.7428,1.8643,53.9,0.02115,0.0435,0.0374,0.02285,43.69,0.0541,0.1619,0.163,1.2565,48.0,19.84,12.4,11.6,11.55,11.55,36.45,60.0,0,high_risk,1999,1.0,0.022360679774997887,0
ALS_0384,0.6942,1.673,46.2,0.0196,0.04049,0.03502,0.01875,43.59,0.0035,0.1544,0.0657,0.2138,48.0,19.74,8.2,5.51,5.14,5.09,42.86,32.0,1,high_risk,1999,1.0,0.022360679774997887,0
ALS_0385,0.7117,1.7409,42.6,0.02015,0.04157,0.03587,9e-05,45.0,0.1378,0.1571,0.1783,0.0562,48.0,29.17,24.77,23.57,23.27,23.2,24.73,27.0,1,high_risk,1999,1.0,0.022360679774997887,0
ALS_0386,0.616,1.3819,72.9,0.01719,0.03575,0.03118,0.02784,34.12,0.0338,0.1422,0.0377,1.1235,48.0,28.56,19.81,18.3,18.21,18.21,29.79,16.0,1,high_risk,1999,1.0,0.022360679774997887,0
ALS_0387,0.4938,0.97,68.6,0.01368,0.02858,0.02519,0.02698,35.68,0.0403,0.1224,0.1241,0.8717,48.0,34.97,27.52,23.66,22.03,21.44,25.97,2.0,1,high_risk,1999,1.0,0.022360679774997883,0
ALS_0388,0.5833,1.2664,76.8,0.01623,0.0338,0.02958,0.01485,45.0,0.1433,0.137,0.1731,0.6418,48.0,33.44,28.79,27.03,26.46,26.3,21.54,60.0,0,low_risk,1999,1.0,0.02236067977499789,0
ALS_0389,0.3473,0.5524,39.5,0.00992,0.02046,0.01802,0.01856,20.1,0.0734,0.0972,0.1854,0.9992,48.0,44.9,43.36,42.39,41.72,41.25,6.28,60.0,0,low_risk,1999,1.0,0.022360679774997887,0
ALS_0390,0.3152,0.4729,37.6,0.00916,0.01876,0.01644,0.02674,23.04,0.0949,0.0915,0.1124,0.32,48.0,45.25,44.08,43.33,42.77,42.34,5.23,60.0,0,low_risk,1999,1.0,0.02236067977499789,0
ALS_0391,0.286,0.405,61.0,0.00851,0.01725,0.01502,0.00156,21.01,0.1168,0.0861,0.1237,1.4712,48.0,46.0,45.22,44.7,44.28,43.93,3.72,60.0,0,low_risk,1999,1.0,0.022360679774997887,0
ALS_0392,0.0941,0.0683,42.4,0.00495,0.00822,0.00561,0.02701,45.0,0.1176,0.0472,0.2033,0.4357,48.0,46.47,46.06,45.92,45.85,45.8,2.15,60.0,0,low_risk,1999,1.0,0.02236067977499789,0
ALS_0393,0.4961,0.9773,31.6,0.01374,0.02872,0.02531,0.02733,32.37,0.1017,0.1227,0.1108,0.5369,48.0,39.67,35.88,33.71,32.64,32.19,15.36,60.0,0,low_risk,1999,1.0,0.022360679774997887,0
ALS_0394,0.4232,0.7579,56.8,0.0118,0.0246,0.02174,0.01759,44.46,0.0313,0.1105,0.2458,0.614,48.0,36.42,29.27,24.71,21.86,20.11,26.14,60.0,0,high_risk,1999,1.0,0.022360679774997887,0
ALS_0395,0.704,1.7111,33.1,0.01991,0.0411,0.0355,0.00253,45.0,0.1248,0.1559,0.1552,0.2779,48.0,28.24,22.93,21.57,21.29,21.23,26.71,60.0,0,high_risk,1999,1.0,0.02236067977499789,0
ALS_0396,0.559,1.1829,54.2,0.01552,0.03237,0.02839,0.02031,33.82,0.0192,0.133,0.0763,1.0984,48.0,32.39,22.47,18.6,17.73,17.59,30.27,45.0,1,high_risk,1999,1.0,0.022360679774997887,0
ALS_0397,0.5292,1.0837,73.1,0.01467,0.03063,0.02693,0.00984,21.74,0.0553,0.1282,0.0581,1.1767,48.0,39.69,34.64,32.44,31.91,31.83,16.09,60.0,0,low_risk,1999,1.0,0.022360679774997887,0
ALS_0398,0.569,1.2169,61.8,0.01581,0.03296,0.02888,0.00057,45.0,0.0473,0.1346,0.2335,0.9715,48.0,29.63,20.76,16.95,15.53,15.04,32.47,60.0,0,high_risk,1999,1.0,0.02236067977499789,0
ALS_0399,0.1379,0.126,78.6,0.00562,0.0101,0.00776,0.02067,45.0,0.1157,0.0569,0.2261,0.2123,48.0,45.32,44.57,44.29,44.15,44.05,3.85,60.0,0,low_risk,1999,1.0,0.022360679774997883,0
ALS_0400,0.9123,2.5901,54.8,0.02686,0.05426,0.0457,0.00157,45.0,0.0947,0.1873,0.0875,0.0519,48.0,17.23,13.37,13.09,13.08,13.08,34.92,60.0,0,high_risk,1999,1.0,0.022360679774997883,0
ALS_0401,0.687,1.6453,43.3,0.01937,0.04005,0.03466,0.00039,42.6,0.1369,0.1533,0.1168,1.0338,48.0,29.09,23.04,21.95,21.84,21.83,26.16,35.0,1,high_risk,1999,1.0,0.022360679774997887,0
ALS_0402,0.5089,1.018,60.4,0.0141,0.02945,0.02594,0.00638,42.12,0.0799,0.1249,0.1904,1.4076,48.0,35.2,28.83,25.61,24.22,23.7,23.78,29.0,1,high_risk,1999,1.0,0.022360679774997883,0
ALS_0403,0.2189,0.2639,32.2,0.0071,0.01388,0.01172,0.00464,20.34,0.0567,0.0734,0.1133,0.1514,48.0,46.24,45.27,44.64,44.18,43.82,3.82,60.0,0,low_risk,1999,1.0,0.022360679774997887,0
ALS_0404,0.6669,1.5689,45.0,0.01874,0.03882,0.03368,0.00063,21.92,0.0985,0.1502,0.031,1.4916,48.0,36.8,32.46,32.09,32.09,32.09,15.91,60.0,0,low_risk,1999,1.0,0.022360679774997883,0
ALS_0405,0.3693,0.6096,52.7,0.01045,0.02165,0.0191,0.00994,29.1,0.08,0.1011,0.199,1.4719,48.0,43.14,40.73,39.21,38.18,37.5,9.82,60.0,0,low_risk,1999,1.0,0.022360679774997887,0
ALS_0406,0.7863,2.0422,56.8,0.02257,0.04622,0.03953,0.01588,42.19,0.1156,0.1685,0.2302,0.3741,48.0,25.22,20.71,19.95,19.84,19.82,28.16,35.0,1,high_risk,1999,1.0,0.022360679774997883,0
ALS_0407,0.5115,1.0263,45.4,0.01417,0.0296,0.02606,0.01385,45.0,0.0906,0.1253,0.1563,0.5722,48.0,35.3,29.68,26.76,25.37,24.78,22.63,60.0,0,high_risk,1999,1.0,0.02236067977499788,0
ALS_0408,0.5244,1.068,68.1,0.01453,0.03035,0.0267,0.01678,28.34,0.0494,0.1274,0.1083,1.4586,48.0,36.99,30.55,27.72,26.89,26.7,21.11,46.0,1,low_risk,1999,1.0,0.022360679774997894,0
ALS_0409,0.6284,1.4267,67.2,0.01757,0.0365,0.03179,0.0026,45.0,0.0366,0.1441,0.0476,1.2445,48.0,23.5,11.51,9.35,9.23,9.22,38.77,18.0,1,high_risk,1999,1.0,0.022360679774997887,0
ALS_0410,0.0755,0.0481,69.5,0.0047,0.00748,0.0047,0.00781,30.02,0.055,0.0428,0.1023,0.4506,48.0,46.58,45.84,45.41,45.13,44.94,2.87,60.0,0,low_risk,1999,1.0,0.022360679774997883,0
ALS_0411,0.7607,1.9369,63.0,0.02173,0.04461,0.03828,0.00619,25.86,0.0973,0.1646,0.1513,0.4834,48.0,33.6,30.2,29.66,29.6,29.59,18.4,60.0,0,low_risk,1999,1.0,0.022360679774997887,0
ALS_0412,0.0218,0.0066,51.3,0.00412,0.00556,0.00207,0.0215,39.98,0.0982,0.0284,0.1461,1.3683,48.0,46.85,46.48,46.35,46.29,46.26,1.71,60.0,0,low_risk,1999,1.0,0.022360679774997887,0
ALS_0413,0.4052,0.707,31.2,0.01134,0.0236,0.02086,0.01961,45.0,0.0417,0.1074,0.2092,0.8934,48.0,37.65,31.36,27.28,24.67,23.03,23.33,60.0,0,high_risk,1999,1.0,0.022360679774997887,0
ALS_0414,0.6674,1.571,42.1,0.01876,0.03886,0.0337,0.00438,22.87,0.1152,0.1503,0.1665,0.0013,48.0,38.84,36.29,35.46,35.21,35.14,12.79,39.0,1,low_risk,1999,1.0,0.022360679774997883,0
ALS_0415,0.5833,1.2662,46.1,0.01622,0.0338,0.02958,0.02457,43.9,0.1037,0.1369,0.0455,0.9831,48.0,31.88,23.54,20.65,20.22,20.18,27.78,46.0,1,high_risk,1999,1.0,0.022360679774997883,0
ALS_0416,0.5015,0.9945,41.5,0.01389,0.02903,0.02557,0.02646,42.19,0.1295,0.1236,0.1521,1.4033,48.0,37.64,32.96,30.43,29.32,28.92,18.68,32.0,1,high_risk,1999,1.0,0.022360679774997894,0
ALS_0417,0.7005,1.6973,40.5,0.0198,0.04088,0.03532,0.00499,43.19,0.0066,0.1554,0.1323,0.5709,48.0,19.52,8.7,6.41,6.08,6.03,41.92,46.0,1,high_risk,1999,1.0,0.022360679774997894,0
ALS_0418,0.3119,0.4652,59.1,0.00909,0.01859,0.01628,0.00994,45.0,0.0518,0.0909,0.0838,1.4633,48.0,41.29,36.88,33.34,30.48,28.32,17.52,60.0,0,low_risk,1999,1.0,0.022360679774997887,0
ALS_0419,0.1161,0.0957,42.4,0.00528,0.00915,0.00669,0.00841,42.17,0.0739,0.0522,0.2198,0.8366,48.0,46.04,45.2,44.8,44.57,44.43,3.43,60.0,0,low_risk,1999,1.0,0.022360679774997894,0
ALS_0420,0.3919,0.6701,34.6,0.011,0.02287,0.0202,0.02841,33.08,0.0042,0.1051,0.1337,0.2716,48.0,39.42,32.5,27.16,23.34,20.79,24.66,60.0,0,high_risk,1999,1.0,0.02236067977499789,0
ALS_0421,0.8992,2.5309,42.3,0.02641,0.05341,0.04506,0.02041,32.91,0.1401,0.1853,0.2069,0.5339,48.0,27.33,25.04,24.89,24.89,24.89,23.11,19.0,1,high_risk,1999,1.0,0.022360679774997887,0
ALS_0422,0.6708,1.5838,43.6,0.01887,0.03906,0.03387,0.0088,27.97,0.0794,0.1508,0.0911,0.2516,48.0,34.78,30.08,28.73,28.47,28.42,19.53,12.0,1,high_risk,1999,1.0,0.022360679774997887,0
ALS_0423,0.0767,0.0493,55.8,0.00471,0.00753,0.00476,0.0031,45.0,0.0711,0.0431,0.1163,1.1458,48.0,46.22,45.43,45.03,44.8,44.64,3.2,60.0,0,low_risk,1999,1.0,0.022360679774997883,0
ALS_0424,0.7491,1.8898,66.0,0.02135,0.04389,0.03771,0.02576,45.0,0.0441,0.1629,0.1646,1.2998,48.0,16.81,9.58,8.94,8.91,8.9,39.09,30.0,1,high_risk,1999,1.0,0.022360679774997887,0
ALS_0425,0.8692,2.3972,50.4,0.02537,0.05148,0.04359,0.00555,29.63,0.0459,0.1809,0.2202,1.1116,48.0,24.77,21.83,21.7,21.69,21.69,26.31,60.0,0,high_risk,1999,1.0,0.022360679774997883,0
ALS_0426,0.9299,2.6708,42.7,0.02749,0.05541,0.04657,0.01194,20.07,0.1201,0.1898,0.2385,0.3485,48.0,34.61,33.26,33.17,33.17,33.17,14.83,36.0,1,low_risk,1999,1.0,0.022360679774997887,0
ALS_0427,0.0344,0.0137,52.6,0.00423,0.00597,0.00269,0.00599,20.35,0.0452,0.0322,0.1764,0.0206,48.0,47.21,46.75,46.48,46.3,46.19,1.7,60.0,0,low_risk,1999,1.0,0.022360679774997887,0
ALS_0428,0.1508,0.1453,80.0,0.00584,0.01068,0.00839,0.00585,45.0,0.0388,0.0596,0.2438,0.2152,48.0,44.68,42.62,41.28,40.35,39.69,7.65,28.0,1,high_risk,1999,1.0,0.02236067977499789,0
ALS_0429,0.3364,0.525,56.0,0.00966,0.01988,0.01748,0.01164,45.0,0.1239,0.0953,0.2225,1.0062,48.0,42.7,40.93,39.96,39.3,38.82,8.7,60.0,0,low_risk,1999,1.0,0.02236067977499789,0
ALS_0430,0.6277,1.4242,64.8,0.01755,0.03646,0.03176,0.01507,32.39,0.0675,0.144,0.2039,1.302,48.0,32.61,26.55,24.83,24.47,24.39,23.53,60.0,0,high_risk,1999,1.0,0.022360679774997887,0
ALS_0431,0.9913,2.9584,45.9,0.02968,0.05943,0.04957,0.00947,45.0,0.0424,0.1987,0.1496,0.5604,48.0,9.22,6.87,6.83,6.83,6.83,41.17,60.0,0,high_risk,1999,1.0,0.022360679774997887,0
ALS_0432,0.8469,2.2994,50.7,0.0246,0.05005,0.0425,0.02799,29.1,0.0881,0.1776,0.0378,0.3041,48.0,28.63,25.36,25.19,25.19,25.19,22.81,60.0,0,high_risk,1999,1.0,0.022360679774997887,0
ALS_0433,0.525,1.0701,41.3,0.01455,0.03039,0.02673,0.02931,45.0,0.1035,0.1275,0.1459,0.3584,48.0,35.44,30.38,27.83,26.64,26.14,21.36,60.0,0,low_risk,1999,1.0,0.022360679774997887,0
ALS_0434,0.7402,1.8541,45.3,0.02106,0.04334,0.03727,0.02333,33.93,0.0244,0.1615,0.1189,0.6138,48.0,25.1,18.14,17.12,17.02,17.02,30.98,60.0,0,high_risk,1999,1.0,0.022360679774997894,0
ALS_0435,0.0747,0.0473,48.7,0.00469,0.00745,0.00466,0.00045,36.45,0.1365,0.0426,0.0482,0.7649,48.0,46.95,46.7,46.59,46.51,46.42,1.49,60.0,0,low_risk,1999,1.0,0.022360679774997887,0
ALS_0436,0.82,2.1838,36.9,0.02369,0.04834,0.04118,0.00765,34.27,0.1228,0.1736,0.1311,0.3971,48.0,28.25,24.71,24.34,24.31,24.31,23.69,49.0,1,high_risk,1999,1.0,0.022360679774997894,0
ALS_0437,0.5503,1.1538,48.6,0.01527,0.03186,0.02797,0.01124,38.05,0.1351,0.1316,0.1694,1.492,48.0,36.93,32.19,30.12,29.45,29.26,18.55,60.0,0,low_risk,1999,1.0,0.022360679774997887,0
ALS_0438,0.1388,0.1273,73.2,0.00564,0.01014,0.0078,0.01513,45.0,0.0251,0.0571,0.2006,0.8756,48.0,44.31,41.66,39.7,38.19,37.02,9.81,60.0,0,low_risk,1999,1.0,0.022360679774997883,0
ALS_0439,0.074,0.0465,61.9,0.00468,0.00742,0.00463,0.00895,36.35,0.1204,0.0424,0.0653,0.2125,48.0,46.81,46.49,46.36,46.27,46.19,1.73,60.0,0,low_risk,1999,1.0,0.022360679774997894,0
ALS_0440,0.1819,0.1963,64.5,0.00639,0.01212,0.00992,0.00948,27.08,0.1406,0.066,0.2468,0.4749,48.0,46.61,46.29,46.18,46.11,46.05,1.89,60.0,0,low_risk,1999,1.0,0.022360679774997887,0
ALS_0441,0.6319,1.4395,54.3,0.01767,0.03671,0.03197,0.01418,41.66,0.0904,0.1447,0.187,0.778,48.0,30.52,24.06,21.97,21.43,21.3,26.57,57.0,1,high_risk,1999,1.0,0.022360679774997894,0
ALS_0442,0.9636,2.8273,39.8,0.02869,0.05761,0.04822,0.01219,32.48,0.0081,0.1947,0.2131,0.912,48.0,18.17,16.13,16.09,16.09,16.09,31.91,54.0,1,high_risk,1999,1.0,0.022360679774997883,0
ALS_0443,0.3098,0.46,34.8,0.00904,0.01848,0.01618,0.02498,43.07,0.0576,0.0905,0.1529,0.9641,48.0,42.03,38.65,36.35,34.67,33.43,13.33,60.0,0,low_risk,1999,1.0,0.022360679774997883,0
ALS_0444,0.8542,2.3314,66.7,0.02485,0.05052,0.04286,0.02126,25.2,0.1101,0.1787,0.1037,0.2922,48.0,31.86,29.54,29.38,29.37,29.37,18.63,60.0,0,low_risk,1999,1.0,0.022360679774997887,0
ALS_0445,0.1586,0.1577,54.2,0.00597,0.01104,0.00877,0.02811,24.16,0.1414,0.0613,0.0948,1.4275,48.0,46.97,46.71,46.57,46.45,46.34,1.55,60.0,0,low_risk,1999,1.0,0.022360679774997894,0
ALS_0446,0.7976,2.0893,40.4,0.02294,0.04693,0.04008,0.00428,27.55,0.1225,0.1702,0.2034,0.1383,48.0,33.43,30.69,30.21,30.13,30.12,17.87,12.0,1,high_risk,1999,1.0,0.02236067977499789,0
ALS_0447,0.7901,2.0579,38.9,0.0227,0.04646,0.03972,0.00807,26.21,0.0765,0.1691,0.1558,1.0423,48.0,30.89,27.43,27.17,27.16,27.15,20.84,60.0,0,low_risk,1999,1.0,0.02236067977499789,0
ALS_0448,0.3048,0.4483,74.9,0.00893,0.01822,0.01593,0.02662,34.39,0.0915,0.0896,0.0629,0.9612,48.0,42.9,40.44,38.62,37.18,36.11,10.82,60.0,0,low_risk,1999,1.0,0.022360679774997883,0
ALS_0449,0.5097,1.0204,57.2,0.01412,0.0295,0.02597,0.01969,30.87,0.0298,0.125,0.1723,0.9575,48.0,36.62,29.76,26.1,24.47,23.81,23.53,60.0,0,high_risk,1999,1.0,0.022360679774997887,0
ALS_0450,0.7321,1.8217,69.3,0.0208,0.04283,0.03687,0.00376,36.4,0.0503,0.1603,0.2025,0.9034,48.0,25.47,19.09,18.03,17.89,17.88,30.11,60.0,0,high_risk,1999,1.0,0.022360679774997894,0
ALS_0451,0.1357,0.1229,64.5,0.00559,0.01001,0.00765,0.02666,45.0,0.137,0.0564,0.1145,1.3937,48.0,45.9,45.39,45.16,44.99,44.85,3.01,60.0,0,low_risk,1999,1.0,0.022360679774997894,0
ALS_0452,0.6606,1.5454,75.3,0.01855,0.03844,0.03337,0.01194,45.0,0.0982,0.1492,0.2217,1.3996,48.0,26.46,19.6,18.08,17.82,17.78,30.18,60.0,0,high_risk,1999,1.0,0.022360679774997883,0
ALS_0453,0.3673,0.6041,32.4,0.0104,0.02153,0.019,0.01902,28.05,0.1383,0.1008,0.1687,0.9477,48.0,44.38,43.14,42.37,41.83,41.46,6.17,60.0,0,low_risk,1999,1.0,0.022360679774997887,0
ALS_0454,0.1755,0.1853,31.8,0.00627,0.01181,0.0096,0.00398,45.0,0.1245,0.0647,0.0599,1.2745,48.0,45.74,45.01,44.55,44.12,43.7,3.88,60.0,0,low_risk,1999,1.0,0.022360679774997897,0
ALS_0455,0.0225,0.0069,65.6,0.00413,0.00558,0.0021,0.01881,44.6,0.1275,0.0287,0.184,0.0531,48.0,46.65,46.34,46.26,46.22,46.2,1.78,60.0,0,low_risk,1999,1.0,0.022360679774997887,0
ALS_0456,0.2512,0.3289,46.6,0.00776,0.01548,0.01331,0.00735,38.11,0.0795,0.0796,0.126,0.6384,48.0,44.48,42.86,41.86,41.13,40.54,6.87,60.0,0,low_risk,1999,1.0,0.022360679774997894,0
ALS_0457,0.3665,0.6019,35.5,0.01038,0.02149,0.01896,0.00258,30.56,0.1477,0.1006,0.2226,0.4719,48.0,44.28,43.24,42.7,42.35,42.1,5.65,60.0,0,low_risk,1999,1.0,0.02236067977499789,0
ALS_0458,0.0806,0.0533,43.1,0.00477,0.00768,0.00495,0.01843,26.9,0.0783,0.044,0.114,1.3098,48.0,46.96,46.53,46.32,46.2,46.12,1.8,60.0,0,low_risk,1999,1.0,0.022360679774997897,0
ALS_0459,0.9414,2.7237,61.5,0.02789,0.05616,0.04713,0.0281,45.0,0.1293,0.1915,0.145,0.4668,48.0,16.86,14.35,14.27,14.27,14.27,33.73,21.0,1,high_risk,1999,1.0,0.022360679774997887,0
ALS_0460,0.6728,1.5913,69.0,0.01893,0.03919,0.03397,0.01408,45.0,0.1267,0.1511,0.0464,0.5661,48.0,27.99,21.13,19.76,19.64,19.64,28.36,20.0,1,high_risk,1999,1.0,0.02236067977499789,0
ALS_0461,0.2123,0.2514,79.3,0.00697,0.01357,0.0114,0.01587,45.0,0.0026,0.0721,0.1433,0.1864,48.0,41.71,36.16,31.25,26.97,23.28,21.03,60.0,0,low_risk,1999,1.0,0.022360679774997894,0
ALS_0462,0.7857,2.0395,62.7,0.02255,0.04618,0.0395,0.00521,39.89,0.0814,0.1684,0.1528,1.1991,48.0,22.02,16.9,16.55,16.54,16.54,31.46,60.0,0,high_risk,1999,1.0,0.022360679774997887,0
ALS_0463,0.2549,0.3368,79.7,0.00784,0.01567,0.01349,0.00597,38.84,0.1364,0.0803,0.1018,1.0942,48.0,44.88,43.88,43.22,42.67,42.19,5.33,60.0,0,low_risk,1999,1.0,0.022360679774997887,0
ALS_0464,0.699,1.6914,38.1,0.01975,0.04079,0.03525,0.01503,45.0,0.0591,0.1552,0.0544,0.3627,48.0,23.19,14.36,12.6,12.43,12.42,35.57,22.0,1,high_risk,1999,1.0,0.022360679774997887,0
ALS_0465,0.0985,0.0736,59.1,0.00501,0.00841,0.00583,0.00557,45.0,0.1283,0.0482,0.0896,0.5876,48.0,46.48,46.09,45.93,45.82,45.72,2.18,60.0,0,low_risk,1999,1.0,0.02236067977499789,0
ALS_0466,0.2725,0.3747,32.5,0.00821,0.01655,0.01435,0.0272,24.02,0.0435,0.0836,0.0379,0.8257,48.0,45.02,42.94,41.14,39.47,38.01,8.53,60.0,0,low_risk,1999,1.0,0.022360679774997887,0
ALS_0467,0.2198,0.2658,51.6,0.00712,0.01393,0.01177,0.02552,35.81,0.1266,0.0736,0.0389,1.0442,48.0,45.72,44.89,44.23,43.53,42.8,4.47,60.0,0,low_risk,1999,1.0,0.022360679774997894,0
ALS_0468,0.8161,2.1673,52.4,0.02356,0.0481,0.04099,0.00844,36.24,0.0311,0.173,0.1298,0.4785,48.0,21.26,15.72,15.2,15.17,15.17,32.83,25.0,1,high_risk,1999,1.0,0.022360679774997883,0
ALS_0469,0.509,1.0184,40.4,0.0141,0.02946,0.02594,0.01611,45.0,0.0233,0.1249,0.1308,0.8952,48.0,31.08,20.11,14.13,11.56,10.61,36.44,60.0,0,high_risk,1999,1.0,0.022360679774997887,0
ALS_0470,0.6334,1.4448,48.0,0.01772,0.0368,0.03204,0.01402,45.0,0.1312,0.1449,0.0319,0.4753,48.0,31.04,23.99,21.83,21.55,21.54,26.45,33.0,1,high_risk,1999,1.0,0.022360679774997887,0
ALS_0471,0.7084,1.7281,79.5,0.02005,0.04137,0.03571,0.00034,45.0,0.0206,0.1566,0.1127,1.2226,48.0,17.62,7.48,6.3,6.23,6.23,41.77,60.0,0,high_risk,1999,1.0,0.022360679774997887,0
ALS_0472,0.9175,2.6137,49.3,0.02705,0.0546,0.04596,0.0285,45.0,0.058,0.188,0.1685,0.4405,48.0,13.25,9.36,9.17,9.16,9.16,38.84,60.0,0,high_risk,1999,1.0,0.022360679774997883,0
ALS_0473,0.7946,2.0768,77.9,0.02285,0.04674,0.03994,0.01642,36.73,0.0367,0.1698,0.1895,1.0207,48.0,20.53,15.5,15.11,15.09,15.09,32.91,23.0,1,high_risk,1999,1.0,0.022360679774997887,0
ALS_0474,0.8308,2.2302,59.6,0.02406,0.04903,0.04171,0.02491,45.0,0.0258,0.1752,0.2463,0.9752,48.0,12.82,6.82,6.34,6.31,6.31,41.69,2.0,1,high_risk,1999,1.0,0.02236067977499789,0
ALS_0475,0.3949,0.6785,52.0,0.01108,0.02304,0.02035,0.02936,34.94,0.0079,0.1056,0.1763,0.481,48.0,38.99,32.01,26.79,23.14,20.71,24.86,60.0,0,high_risk,1999,1.0,0.02236067977499789,0
ALS_0476,0.6025,1.3338,34.7,0.01679,0.03495,0.03052,0.0244,45.0,0.0491,0.14,0.0659,1.4843,48.0,26.14,14.53,11.83,11.57,11.56,36.43,60.0,0,high_risk,1999,1.0,0.022360679774997887,0
ALS_0477,0.2295,0.2848,55.6,0.00731,0.01441,0.01225,0.01422,31.34,0.0089,0.0755,0.0838,0.9831,48.0,44.27,40.95,37.9,35.13,32.67,12.87,60.0,0,low_risk,1999,1.0,0.022360679774997887,0
ALS_0478,0.4755,0.9131,39.3,0.01318,0.02754,0.0243,0.01998,45.0,0.0278,0.1193,0.2398,0.0018,48.0,33.9,25.8,21.04,18.28,16.71,29.72,56.0,1,high_risk,1999,1.0,0.02236067977499789,0
ALS_0479,0.0037,0.0004,44.8,0.00401,0.00507,0.00118,0.00697,43.25,0.0335,0.0221,0.187,0.2293,48.0,46.32,45.21,44.47,43.97,43.61,4.03,55.0,1,low_risk,1999,1.0,0.022360679774997887,0
ALS_0480,0.7081,1.7271,48.7,0.02004,0.04135,0.0357,0.01849,27.91,0.1423,0.1566,0.1503,1.393,48.0,34.8,31.07,30.56,30.52,30.52,17.48,60.0,0,low_risk,1999,1.0,0.02236067977499789,0
ALS_0481,0.5787,1.2503,59.7,0.01609,0.03353,0.02935,0.01468,28.22,0.0801,0.1362,0.0303,0.437,48.0,37.2,31.76,29.52,29.03,28.97,18.97,36.0,1,low_risk,1999,1.0,0.022360679774997887,0
ALS_0482,0.9963,2.9824,48.8,0.02987,0.05976,0.04982,0.00643,38.49,0.0435,0.1995,0.0657,0.8894,48.0,13.69,12.49,12.49,12.49,12.49,35.51,26.0,1,high_risk,1999,1.0,0.02236067977499789,0
ALS_0483,0.0108,0.0021,62.1,0.00405,0.00524,0.00153,0.01358,43.93,0.0672,0.0248,0.1973,0.531,48.0,46.42,45.71,45.38,45.21,45.12,2.79,60.0,0,low_risk,1999,1.0,0.022360679774997883,0
ALS_0484,0.5754,1.2391,35.6,0.01599,0.03334,0.0292,0.02242,36.47,0.1082,0.1357,0.2127,0.5627,48.0,36.13,31.85,30.06,29.36,29.11,18.64,60.0,0,low_risk,1999,1.0,0.022360679774997883,0
ALS_0485,0.5909,1.2929,74.0,0.01645,0.03425,0.02995,0.02291,36.45,0.1286,0.1382,0.2452,0.3504,48.0,35.44,31.93,30.67,30.22,30.07,17.78,23.0,1,high_risk,1999,1.0,0.022360679774997887,0
ALS_0486,0.3892,0.6628,34.5,0.01094,0.02272,0.02007,0.00989,20.06,0.1419,0.1046,0.1518,0.5558,48.0,45.19,44.26,43.68,43.29,43.02,4.71,60.0,0,low_risk,1999,1.0,0.022360679774997887,0
ALS_0487,0.4567,0.8562,64.2,0.01268,0.02648,0.02338,0.00029,45.0,0.0863,0.1162,0.1422,0.1049,48.0,37.67,33.19,30.66,29.19,28.37,18.81,51.0,1,low_risk,1999,1.0,0.022360679774997887,0
ALS_0488,0.48,0.927,52.2,0.0133,0.02779,0.02452,0.00204,33.47,0.0645,0.1201,0.207,1.086,48.0,38.55,33.65,30.93,29.53,28.86,18.47,60.0,0,low_risk,1999,1.0,0.022360679774997887,0
ALS_0489,0.8381,2.2616,50.0,0.0243,0.0495,0.04207,0.00923,26.14,0.0422,0.1763,0.1169,0.7044,48.0,28.25,24.96,24.79,24.78,24.78,23.22,17.0,1,high_risk,1999,1.0,0.022360679774997894,0
ALS_0490,0.2789,0.3889,71.4,0.00835,0.01688,0.01467,0.01198,35.66,0.1109,0.0848,0.1942,0.5761,48.0,44.35,43.11,42.47,42.05,41.74,5.95,60.0,0,low_risk,1999,1.0,0.022360679774997883,0
ALS_0491,0.2105,0.248,56.0,0.00693,0.01348,0.01132,0.02504,39.42,0.0534,0.0718,0.2493,0.5305,48.0,44.63,42.81,41.73,41.01,40.51,6.99,60.0,0,low_risk,1999,1.0,0.02236067977499789,0
ALS_0492,0.9459,2.7448,54.5,0.02805,0.05645,0.04735,0.02089,42.91,0.0553,0.1922,0.0627,0.5267,48.0,12.77,10.03,10.0,10.0,10.0,38.0,35.0,1,high_risk,1999,1.0,0.022360679774997887,0
ALS_0493,0.7796,2.0144,43.7,0.02235,0.0458,0.0392,0.01527,45.0,0.0305,0.1675,0.1183,0.1358,48.0,17.47,9.44,8.08,7.9,7.88,40.1,29.0,1,high_risk,1999,1.0,0.022360679774997883,0
ALS_0494,0.8361,2.253,60.1,0.02424,0.04937,0.04197,0.00423,25.32,0.0695,0.176,0.2002,1.3658,48.0,29.61,27.02,26.9,26.9,26.9,21.1,22.0,1,high_risk,1999,1.0,0.022360679774997894,0
ALS_0495,0.5078,1.0144,53.1,0.01407,0.02939,0.02588,0.02007,45.0,0.0697,0.1247,0.1061,1.2753,48.0,33.75,25.45,21.07,19.42,18.94,28.58,44.0,1,high_risk,1999,1.0,0.022360679774997887,0
ALS_0496,0.1262,0.1094,77.6,0.00543,0.00959,0.00719,0.0262,26.79,0.084,0.0544,0.1993,1.4913,48.0,46.13,45.41,45.08,44.89,44.77,3.11,60.0,0,low_risk,1999,1.0,0.022360679774997887,0
ALS_0497,0.6598,1.5425,72.9,0.01853,0.03839,0.03333,0.01034,22.13,0.066,0.1491,0.2486,0.5021,48.0,37.11,33.51,32.43,32.14,32.06,15.86,23.0,1,high_risk,1999,1.0,0.022360679774997887,0
ALS_0498,0.6155,1.3799,67.8,0.01718,0.03572,0.03116,0.00978,41.74,0.1358,0.1421,0.1752,0.905,48.0,33.06,27.98,26.29,25.86,25.76,22.14,60.0,0,high_risk,1999,1.0,0.02236067977499789,0
ALS_0499,0.5945,1.3055,79.4,0.01655,0.03447,0.03013,0.02614,33.84,0.0004,0.1387,0.195,0.2559,48.0,28.51,19.36,15.9,14.75,14.39,33.25,60.0,0,high_risk,1999,1.0,0.02236067977499789,0
ALS_0500,0.8992,2.5308,31.5,0.0264,0.05341,0.04506,0.01616,45.0,0.096,0.1853,0.1711,1.3247,48.0,14.42,11.62,11.58,11.58,11.58,36.42,60.0,0,high_risk,1999,1.0,0.022360679774997887,0
ALS_0501,0.5717,1.2264,35.7,0.01589,0.03312,0.02902,0.00822,40.57,0.059,0.1351,0.1587,0.3028,48.0,32.43,25.43,22.31,21.08,20.64,26.92,55.0,1,high_risk,1999,1.0,0.022360679774997887,0
ALS_0502,0.9337,2.6883,64.2,0.02762,0.05566,0.04675,0.01301,45.0,0.0499,0.1904,0.1587,0.3611,48.0,11.97,8.36,8.2,8.19,8.19,39.81,33.0,1,high_risk,1999,1.0,0.022360679774997894,0
ALS_0503,0.7344,1.8307,58.3,0.02088,0.04297,0.03699,0.00018,45.0,0.0884,0.1606,0.085,0.4698,48.0,23.43,16.4,15.29,15.19,15.19,32.81,17.0,1,high_risk,1999,1.0,0.022360679774997883,0
ALS_0504,0.4547,0.8502,79.3,0.01263,0.02636,0.02328,0.01954,35.79,0.1177,0.1158,0.1281,1.4813,48.0,39.17,35.15,32.88,31.81,31.39,16.19,50.0,1,low_risk,1999,1.0,0.022360679774997894,0
ALS_0505,0.5265,1.075,47.1,0.01459,0.03047,0.0268,0.00048,40.9,0.0092,0.1278,0.0907,0.2868,48.0,31.05,19.92,13.84,11.23,10.28,36.77,60.0,0,high_risk,1999,1.0,0.02236067977499789,0
ALS_0506,0.4836,0.9383,33.6,0.0134,0.028,0.0247,0.01335,23.59,0.0872,0.1207,0.1397,0.778,48.0,41.84,38.85,37.16,36.3,35.91,11.7,60.0,0,low_risk,1999,1.0,0.02236067977499789,0
ALS_0507,0.4194,0.747,61.1,0.0117,0.02439,0.02155,0.02194,25.07,0.1392,0.1098,0.0919,1.0586,48.0,43.61,41.67,40.28,39.4,38.94,8.6,60.0,0,low_risk,1999,1.0,0.022360679774997883,0
ALS_0508,0.1189,0.0994,75.9,0.00532,0.00927,0.00683,0.02077,45.0,0.1007,0.0528,0.1296,0.8553,48.0,45.44,44.59,44.21,43.98,43.82,4.02,60.0,0,low_risk,1999,1.0,0.022360679774997883,0
ALS_0509,0.2648,0.358,61.9,0.00805,0.01617,0.01398,0.01665,33.95,0.0426,0.0822,0.173,1.0975,48.0,43.7,41.02,39.16,37.78,36.74,10.22,42.0,1,low_risk,1999,1.0,0.022360679774997883,0
ALS_0510,0.3926,0.6721,78.7,0.01102,0.02291,0.02024,0.02477,26.08,0.0978,0.1052,0.2237,0.2186,48.0,42.63,40.68,39.7,39.15,38.83,8.85,60.0,0,low_risk,1999,1.0,0.02236067977499789,0
ALS_0511,0.5691,1.2175,59.9,0.01581,0.03297,0.02889,0.01558,39.26,0.1406,0.1347,0.1373,0.5353,48.0,36.43,32.3,30.49,29.83,29.63,18.17,60.0,0,low_risk,1999,1.0,0.022360679774997894,0
ALS_0512,0.8825,2.4564,72.4,0.02583,0.05234,0.04424,0.02778,21.05,0.1431,0.1829,0.1004,1.005,48.0,33.66,32.5,32.48,32.48,32.48,15.52,60.0,0,low_risk,1999,1.0,0.022360679774997887,0
ALS_0513,0.7481,1.8858,49.4,0.02132,0.04383,0.03766,0.00306,45.0,0.107,0.1627,0.0705,0.9378,48.0,22.54,16.02,15.52,15.5,15.5,32.5,60.0,0,high_risk,1999,1.0,0.02236067977499789,0
ALS_0514,0.1134,0.0922,79.6,0.00523,0.00904,0.00656,0.02882,35.67,0.0477,0.0516,0.19,1.4103,48.0,44.99,43.32,42.31,41.66,41.21,6.34,60.0,0,low_risk,1999,1.0,0.022360679774997887,0
ALS_0515,0.0351,0.0141,73.4,0.00424,0.00599,0.00272,0.02613,45.0,0.0782,0.0323,0.2413,1.0209,48.0,45.83,44.98,44.61,44.43,44.34,3.57,60.0,0,low_risk,1999,1.0,0.022360679774997887,0
ALS_0516,0.9197,2.6239,31.6,0.02712,0.05474,0.04606,0.02774,35.73,0.041,0.1883,0.1429,0.5067,48.0,18.95,15.84,15.72,15.72,15.72,32.28,60.0,0,high_risk,1999,1.0,0.022360679774997887,0
ALS_0517,0.274,0.3781,42.6,0.00825,0.01663,0.01443,0.01941,34.48,0.1228,0.0839,0.1492,0.3741,48.0,45.05,44.11,43.6,43.22,42.92,4.78,60.0,0,low_risk,1999,1.0,0.022360679774997887,0
ALS_0518,0.8481,2.3049,35.6,0.02464,0.05013,0.04256,0.02788,45.0,0.08,0.1778,0.2134,0.4219,48.0,18.14,13.26,12.74,12.69,12.69,35.31,24.0,1,high_risk,1999,1.0,0.02236067977499789,0
ALS_0519,0.6526,1.5157,38.2,0.01831,0.03796,0.03298,0.01528,28.41,0.0188,0.1479,0.1448,0.9131,48.0,31.5,24.23,22.37,22.04,21.99,25.96,60.0,0,high_risk,1999,1.0,0.022360679774997887,0
ALS_0520,0.4119,0.7258,50.6,0.01151,0.02397,0.02118,0.02562,40.84,0.0747,0.1085,0.2296,0.6982,48.0,39.73,35.83,33.59,32.22,31.37,15.78,60.0,1,low_risk,1999,1.0,0.022360679774997887,0
ALS_0521,0.2895,0.4128,78.1,0.00858,0.01743,0.01519,0.00861,45.0,0.0188,0.0868,0.142,1.3835,48.0,40.4,34.48,29.72,25.95,23.06,22.05,13.0,1,high_risk,1999,1.0,0.022360679774997887,0
ALS_0522,0.598,1.3179,33.5,0.01666,0.03468,0.0303,0.00943,45.0,0.1411,0.1393,0.0315,0.3746,48.0,33.45,27.15,24.52,23.96,23.89,24.04,60.0,0,high_risk,1999,1.0,0.02236067977499789,0
ALS_0523,0.6859,1.6412,58.0,0.01934,0.03999,0.03461,0.01762,45.0,0.0783,0.1531,0.2272,0.6472,48.0,25.55,18.56,16.75,16.35,16.27,31.65,45.0,1,high_risk,1999,1.0,0.022360679774997883,0
ALS_0524,0.6718,1.5876,42.8,0.0189,0.03913,0.03392,0.02514,45.0,0.0669,0.1509,0.076,0.369,48.0,25.43,16.91,14.71,14.36,14.32,33.64,52.0,1,high_risk,1999,1.0,0.022360679774997887,0
ALS_0525,0.4382,0.8013,46.2,0.01219,0.02543,0.02247,0.01644,45.0,0.0719,0.113,0.0578,0.7529,48.0,37.4,30.97,26.35,23.66,22.44,24.34,60.0,0,high_risk,1999,1.0,0.022360679774997887,0
ALS_0526,0.838,2.2612,41.3,0.0243,0.04949,0.04206,0.01177,45.0,0.0669,0.1763,0.2125,0.7239,48.0,16.75,11.53,11.08,11.05,11.05,36.95,30.0,1,high_risk,1999,1.0,0.022360679774997883,0
ALS_0527,0.6073,1.3508,31.9,0.01693,0.03523,0.03076,0.01204,45.0,0.05,0.1408,0.2438,0.131,48.0,28.6,20.75,17.55,16.3,15.83,31.7,23.0,1,high_risk,1999,1.0,0.022360679774997887,0
ALS_0528,0.2961,0.4279,47.9,0.00873,0.01776,0.01551,0.01313,43.25,0.0848,0.088,0.1411,0.4138,48.0,43.1,40.93,39.61,38.67,37.95,9.33,60.0,0,low_risk,1999,1.0,0.022360679774997887,0
ALS_0529,0.476,0.9147,37.4,0.0132,0.02757,0.02432,0.0232,25.96,0.0333,0.1194,0.2478,0.1708,48.0,40.02,35.55,32.98,31.51,30.69,16.49,60.0,0,low_risk,1999,1.0,0.02236067977499789,0
ALS_0530,0.8445,2.2894,61.1,0.02452,0.04991,0.04238,0.02104,32.25,0.0611,0.1772,0.0844,1.0888,48.0,23.33,20.28,20.23,20.23,20.23,27.77,12.0,1,high_risk,1999,1.0,0.022360679774997894,0
ALS_0531,0.6218,1.4028,73.0,0.01737,0.0361,0.03147,0.00536,45.0,0.0384,0.1431,0.1073,1.075,48.0,24.63,13.69,10.81,10.35,10.3,37.65,60.0,0,high_risk,1999,1.0,0.022360679774997887,0
ALS_0532,0.3283,0.5049,61.3,0.00947,0.01945,0.01709,0.00783,45.0,0.0078,0.0938,0.13,0.7303,48.0,39.07,31.55,25.28,20.32,16.6,27.68,60.0,0,high_risk,1999,1.0,0.02236067977499789,0
ALS_0533,0.2485,0.3233,70.5,0.0077,0.01534,0.01318,0.01758,38.28,0.0682,0.0791,0.2043,1.1904,48.0,43.72,41.65,40.44,39.63,39.04,8.37,60.0,0,low_risk,1999,1.0,0.022360679774997887,0
ALS_0534,0.9642,2.8301,73.2,0.02871,0.05765,0.04825,0.00456,45.0,0.0502,0.1948,0.168,1.4052,48.0,8.74,7.12,7.11,7.11,7.11,40.89,60.0,0,high_risk,1999,1.0,0.022360679774997894,0
ALS_0535,0.8693,2.3976,53.6,0.02537,0.05149,0.04359,0.00425,45.0,0.0466,0.1809,0.1679,1.4571,48.0,11.56,7.79,7.72,7.72,7.72,40.28,38.0,1,high_risk,1999,1.0,0.02236067977499789,0
ALS_0536,0.7665,1.9604,56.3,0.02192,0.04497,0.03856,0.00538,45.0,0.0144,0.1655,0.1668,0.8069,48.0,15.05,6.36,5.31,5.22,5.21,42.78,17.0,1,high_risk,1999,1.0,0.022360679774997883,0
ALS_0537,0.0802,0.0529,69.5,0.00476,0.00766,0.00493,0.01051,31.28,0.0933,0.0439,0.0869,0.237,48.0,46.72,46.26,46.06,45.94,45.85,2.06,51.0,1,low_risk,1999,1.0,0.02236067977499789,0
ALS_0538,0.3855,0.6528,78.1,0.01085,0.02252,0.01989,0.00992,45.0,0.0251,0.104,0.0984,0.2661,48.0,36.8,29.06,23.53,19.81,17.48,28.19,60.0,0,high_risk,1999,1.0,0.022360679774997887,0
ALS_0539,0.0225,0.0069,37.0,0.00413,0.00558,0.0021,0.02929,33.89,0.1242,0.0286,0.0379,1.2544,48.0,47.13,46.92,46.84,46.79,46.74,1.21,60.0,0,low_risk,1999,1.0,0.022360679774997887,0
ALS_0540,0.2002,0.2288,48.8,0.00674,0.01298,0.01081,0.01622,45.0,0.0879,0.0697,0.1108,0.1805,48.0,44.96,43.73,43.04,42.55,42.15,5.45,60.0,0,low_risk,1999,1.0,0.02236067977499789,0
ALS_0541,0.253,0.3327,54.9,0.0078,0.01557,0.0134,0.01228,31.53,0.0741,0.0799,0.1245,1.1952,48.0,44.97,43.47,42.49,41.74,41.13,6.26,60.0,0,low_risk,1999,1.0,0.022360679774997883,0
ALS_0542,0.7556,1.9159,78.6,0.02156,0.04429,0.03802,0.00662,39.42,0.0614,0.1638,0.0557,0.0093,48.0,24.3,18.0,16.85,16.71,16.7,31.29,31.0,1,high_risk,1999,1.0,0.022360679774997883,0
ALS_0543,0.4594,0.8644,59.1,0.01275,0.02663,0.02351,0.01373,21.57,0.0635,0.1166,0.2186,0.7531,48.0,42.32,39.48,37.88,37.0,36.52,11.0,19.0,1,high_risk,1999,1.0,0.022360679774997894,0
ALS_0544,0.2232,0.2722,68.6,0.00718,0.01409,0.01194,0.01052,45.0,0.085,0.0742,0.1171,0.2893,48.0,44.19,42.57,41.65,40.99,40.46,7.01,60.0,0,low_risk,1999,1.0,0.022360679774997883,0
ALS_0545,0.9653,2.8354,68.5,0.02875,0.05772,0.0483,0.01453,33.2,0.0292,0.195,0.1135,0.6853,48.0,18.54,16.78,16.77,16.77,16.77,31.23,35.0,1,high_risk,1999,1.0,0.022360679774997894,0
ALS_0546,0.2851,0.4028,69.0,0.00849,0.0172,0.01497,0.01118,45.0,0.0174,0.086,0.1906,1.0636,48.0,40.7,35.1,30.7,27.25,24.58,20.75,60.0,0,low_risk,1999,1.0,0.02236067977499789,0
ALS_0547,0.5872,1.2799,30.2,0.01634,0.03403,0.02977,0.01769,45.0,0.0006,0.1376,0.063,0.1436,48.0,25.03,11.42,5.51,3.71,3.28,44.29,37.0,1,high_risk,1999,1.0,0.022360679774997883,0
ALS_0548,0.8067,2.1276,36.4,0.02325,0.0475,0.04053,0.02706,27.71,0.0385,0.1716,0.1075,0.216,48.0,28.67,24.29,23.74,23.69,23.69,24.31,60.0,0,high_risk,1999,1.0,0.02236067977499789,0
ALS_0549,0.5592,1.1837,66.8,0.01552,0.03238,0.0284,0.0209,45.0,0.0398,0.1331,0.2113,1.1663,48.0,28.38,18.65,14.67,13.32,12.9,34.68,60.0,0,high_risk,1999,1.0,0.022360679774997883,0
ALS_0550,0.7524,1.9029,42.8,0.02146,0.04409,0.03787,0.01778,45.0,0.0934,0.1634,0.2052,0.5718,48.0,23.35,17.36,16.28,16.13,16.11,31.87,47.0,1,high_risk,1999,1.0,0.022360679774997887,0
ALS_0551,0.7907,2.0604,54.3,0.02272,0.04649,0.03975,0.01335,31.75,0.1082,0.1692,0.0959,0.257,48.0,30.14,26.29,25.77,25.73,25.72,22.27,42.0,1,high_risk,1999,1.0,0.022360679774997887,0
ALS_0552,0.1195,0.1002,30.4,0.00533,0.0093,0.00686,0.02535,45.0,0.0058,0.0529,0.1745,1.3682,48.0,44.94,42.2,39.72,37.46,35.41,10.54,60.0,0,low_risk,1999,1.0,0.022360679774997894,0
ALS_0553,0.3483,0.555,60.4,0.00994,0.02052,0.01807,0.02244,39.42,0.1218,0.0974,0.2064,1.2593,48.0,42.76,40.88,39.8,39.07,38.56,8.93,58.0,1,low_risk,1999,1.0,0.02236067977499789,0
ALS_0554,0.7658,1.9577,35.5,0.0219,0.04493,0.03853,0.00349,35.62,0.0166,0.1654,0.1671,0.9681,48.0,21.85,15.13,14.4,14.35,14.35,33.65,60.0,0,high_risk,1999,1.0,0.022360679774997883,0
ALS_0555,0.6277,1.424,58.6,0.01755,0.03645,0.03176,0.0018,23.83,0.053,0.144,0.212,0.0516,48.0,37.29,33.19,31.62,31.05,30.86,16.95,60.0,0,low_risk,1999,1.0,0.02236067977499789,0
ALS_0556,0.5097,1.0206,69.4,0.01412,0.0295,0.02598,0.0031,27.21,0.0644,0.125,0.0514,0.2392,48.0,39.41,34.74,32.02,30.81,30.4,17.19,60.0,0,low_risk,1999,1.0,0.02236067977499789,0
ALS_0557,0.0059,0.0008,69.8,0.00402,0.00512,0.00129,0.02478,21.43,0.1245,0.023,0.1788,1.0387,48.0,47.28,47.11,47.06,47.04,47.03,0.96,57.0,1,low_risk,1999,1.0,0.022360679774997887,0
ALS_0558,0.1125,0.091,68.5,0.00522,0.009,0.00651,0.02026,39.24,0.0437,0.0514,0.2211,0.9343,48.0,45.41,43.89,42.95,42.33,41.89,5.67,60.0,0,low_risk,1999,1.0,0.022360679774997887,0
ALS_0559,0.7143,1.7513,67.6,0.02023,0.04173,0.036,0.00866,45.0,0.0374,0.1575,0.217,0.1956,48.0,21.29,12.93,10.76,10.25,10.14,37.75,60.0,0,high_risk,1999,1.0,0.02236067977499789,0
ALS_0560,0.6475,1.4965,60.6,0.01815,0.03765,0.03273,0.0032,45.0,0.1405,0.1471,0.0868,0.8142,48.0,30.49,23.99,22.3,22.07,22.04,25.93,26.0,1,high_risk,1999,1.0,0.022360679774997887,0
ALS_0561,0.0209,0.0061,60.9,0.00412,0.00553,0.00202,0.00376,41.07,0.125,0.0281,0.0364,0.0494,48.0,46.93,46.67,46.58,46.52,46.46,1.48,60.0,0,low_risk,1999,1.0,0.022360679774997883,0
ALS_0562,0.0438,0.0201,63.4,0.00433,0.00629,0.00314,0.01925,21.34,0.128,0.0347,0.1822,0.4728,48.0,47.34,47.19,47.14,47.12,47.11,0.88,60.0,0,low_risk,1999,1.0,0.022360679774997883,0
ALS_0563,0.1828,0.1979,75.9,0.00641,0.01216,0.00996,0.0187,45.0,0.1198,0.0662,0.2338,0.8144,48.0,44.93,44.07,43.72,43.52,43.37,4.48,20.0,1,high_risk,1999,1.0,0.02236067977499789,0
ALS_0564,0.9575,2.7988,69.1,0.02847,0.05721,0.04792,0.01564,29.33,0.0503,0.1939,0.0414,0.3873,48.0,23.4,21.69,21.67,21.67,21.67,26.33,28.0,1,high_risk,1999,1.0,0.022360679774997894,0
ALS_0565,0.0553,0.0292,77.9,0.00445,0.00671,0.00371,0.02867,36.79,0.1487,0.0378,0.099,0.1786,48.0,46.47,46.18,46.08,46.03,45.98,1.97,60.0,0,low_risk,1999,1.0,0.022360679774997887,0
ALS_0566,0.6115,1.3658,63.2,0.01706,0.03548,0.03096,0.02868,45.0,0.0713,0.1415,0.2417,0.335,48.0,28.77,21.94,19.44,18.59,18.3,29.41,60.0,0,high_risk,1999,1.0,0.02236067977499789,0
ALS_0567,0.2287,0.2832,76.1,0.0073,0.01437,0.01221,0.01056,24.95,0.0307,0.0753,0.1783,0.2729,48.0,45.03,43.03,41.6,40.52,39.7,7.48,60.0,0,low_risk,1999,1.0,0.022360679774997887,0
ALS_0568,0.4243,0.761,78.2,0.01183,0.02466,0.02179,0.01268,45.0,0.0578,0.1107,0.2108,0.3658,48.0,36.65,31.02,27.83,25.97,24.91,22.03,9.0,1,high_risk,1999,1.0,0.022360679774997887,0
ALS_0569,0.0882,0.0617,67.0,0.00487,0.00799,0.00532,0.00961,45.0,0.0777,0.0458,0.0999,0.2667,48.0,46.0,45.17,44.76,44.51,44.34,3.49,60.0,0,low_risk,1999,1.0,0.022360679774997887,0
ALS_0570,0.2594,0.3464,44.8,0.00793,0.01589,0.01371,0.0111,42.76,0.044,0.0812,0.2393,0.1749,48.0,43.14,40.28,38.42,37.14,36.21,10.86,60.0,0,low_risk,1999,1.0,0.022360679774997887,0
ALS_0571,0.0021,0.0002,68.6,0.004,0.00503,0.0011,0.00195,35.77,0.1448,0.0213,0.1551,1.4229,48.0,47.17,47.01,46.98,46.96,46.96,1.04,60.0,0,low_risk,1999,1.0,0.02236067977499789,0
ALS_0572,0.6173,1.3865,78.9,0.01723,0.03583,0.03125,0.00283,39.0,0.1456,0.1424,0.2113,0.4271,48.0,35.15,31.46,30.13,29.69,29.56,18.31,46.0,1,low_risk,1999,1.0,0.022360679774997887,0
ALS_0573,0.1258,0.1088,48.7,0.00543,0.00957,0.00716,0.01102,45.0,0.0527,0.0543,0.1516,0.0424,48.0,45.56,44.23,43.44,42.93,42.56,5.07,60.0,0,low_risk,1999,1.0,0.022360679774997887,0
ALS_0574,0.892,2.4986,60.7,0.02616,0.05295,0.04471,0.00671,36.45,0.0042,0.1843,0.1305,0.8451,48.0,15.58,12.01,11.92,11.92,11.92,36.08,33.0,1,high_risk,1999,1.0,0.022360679774997887,0
ALS_0575,0.2761,0.3827,42.2,0.00829,0.01674,0.01453,0.01148,45.0,0.0917,0.0843,0.0398,1.4986,48.0,43.43,41.01,38.85,36.7,34.76,11.3,60.0,0,low_risk,1999,1.0,0.022360679774997887,0
ALS_0576,0.942,2.7264,49.8,0.02791,0.05619,0.04716,0.01431,45.0,0.0556,0.1916,0.2442,0.5766,48.0,12.21,8.83,8.67,8.67,8.67,39.33,47.0,1,high_risk,1999,1.0,0.02236067977499789,0
ALS_0577,0.4798,0.9265,70.2,0.0133,0.02779,0.02451,0.01157,38.37,0.1057,0.12,0.0583,0.3813,48.0,38.33,33.76,30.88,29.43,28.87,18.57,60.0,0,low_risk,1999,1.0,0.02236067977499789,0
ALS_0578,0.6845,1.6359,44.5,0.01929,0.0399,0.03454,0.00567,45.0,0.1261,0.1529,0.0379,0.7397,48.0,27.5,20.13,18.97,18.91,18.91,29.09,60.0,0,high_risk,1999,1.0,0.022360679774997887,0
ALS_0579,0.3812,0.6412,48.3,0.01074,0.02229,0.01968,0.01686,45.0,0.0116,0.1032,0.0726,0.1055,48.0,37.22,28.65,21.83,16.85,13.55,31.15,60.0,0,high_risk,1999,1.0,0.022360679774997887,0
ALS_0580,0.1252,0.108,61.8,0.00542,0.00954,0.00713,0.02474,45.0,0.1244,0.0541,0.1021,1.196,48.0,46.02,45.48,45.23,45.06,44.92,2.94,60.0,0,low_risk,1999,1.0,0.022360679774997887,0
ALS_0581,0.9087,2.5739,72.2,0.02674,0.05403,0.04553,0.02779,42.4,0.0423,0.1867,0.1344,1.0811,48.0,11.78,9.31,9.28,9.28,9.28,38.72,11.0,1,high_risk,1999,1.0,0.022360679774997894,0
ALS_0582,0.4252,0.7637,74.4,0.01185,0.02471,0.02184,0.01407,45.0,0.0748,0.1108,0.0464,0.0173,48.0,37.4,31.96,28.28,25.93,24.66,22.07,60.0,0,high_risk,1999,1.0,0.022360679774997887,0
ALS_0583,0.8063,2.126,40.0,0.02324,0.04748,0.04051,0.02037,45.0,0.0206,0.1715,0.1177,1.4161,48.0,11.69,5.64,5.46,5.46,5.46,42.54,24.0,1,high_risk,1999,1.0,0.022360679774997883,0
ALS_0584,0.9018,2.5426,71.2,0.0265,0.05358,0.04519,0.02322,21.09,0.1003,0.1857,0.2492,0.3546,48.0,33.4,31.86,31.74,31.73,31.73,16.27,60.0,0,low_risk,1999,1.0,0.02236067977499789,0
ALS_0585,0.095,0.0695,43.8,0.00496,0.00826,0.00566,0.02685,41.23,0.0517,0.0474,0.0944,0.1318,48.0,46.06,44.98,44.33,43.88,43.56,4.12,60.0,0,low_risk,1999,1.0,0.02236067977499789,0
ALS_0586,0.4849,0.9421,55.9,0.01344,0.02807,0.02476,0.01187,35.08,0.0446,0.1209,0.1346,1.0494,48.0,36.86,30.04,26.1,24.24,23.48,23.76,38.0,1,high_risk,1999,1.0,0.022360679774997887,0
ALS_0587,0.0077,0.0012,54.4,0.00403,0.00516,0.00137,0.02277,45.0,0.0121,0.0236,0.0775,0.044,48.0,46.01,44.35,42.93,41.71,40.65,6.29,60.0,0,low_risk,1999,1.0,0.022360679774997883,0
ALS_0588,0.5538,1.1654,33.3,0.01537,0.03206,0.02814,0.01388,44.01,0.0334,0.1322,0.0784,1.2178,48.0,29.0,17.19,12.51,11.46,11.29,36.54,34.0,1,high_risk,1999,1.0,0.022360679774997887,0
ALS_0589,0.8663,2.3843,41.7,0.02527,0.0513,0.04345,0.00827,30.8,0.1469,0.1805,0.0857,0.6559,48.0,28.99,26.55,26.47,26.47,26.47,21.53,60.0,0,low_risk,1999,1.0,0.02236067977499789,0
ALS_0590,0.921,2.6298,36.1,0.02717,0.05483,0.04613,0.0024,20.96,0.1244,0.1885,0.1647,1.4362,48.0,32.68,31.71,31.7,31.7,31.7,16.3,34.0,1,high_risk,1999,1.0,0.022360679774997887,0
ALS_0591,0.5017,0.9951,49.9,0.0139,0.02904,0.02558,0.01177,33.31,0.1156,0.1237,0.1298,0.435,48.0,39.77,36.44,34.62,33.7,33.29,14.3,60.0,0,low_risk,1999,1.0,0.022360679774997883,0
ALS_0592,0.7556,1.9158,51.1,0.02156,0.04429,0.03802,0.00813,23.4,0.0373,0.1638,0.0953,0.4667,48.0,32.51,28.16,27.57,27.53,27.52,20.47,19.0,1,high_risk,1999,1.0,0.022360679774997887,0
ALS_0593,0.2293,0.2843,37.2,0.00731,0.01439,0.01224,0.00844,45.0,0.1385,0.0754,0.0616,0.1603,48.0,45.15,44.3,43.72,43.17,42.64,4.83,60.0,0,low_risk,1999,1.0,0.02236067977499789,0
ALS_0594,0.8567,2.3425,65.9,0.02494,0.05069,0.04298,0.01573,24.56,0.0405,0.1791,0.1424,0.2012,48.0,29.63,26.58,26.29,26.27,26.27,21.73,51.0,1,low_risk,1999,1.0,0.022360679774997883,0
ALS_0595,0.9188,2.6199,43.4,0.02709,0.05469,0.04602,0.00146,45.0,0.0731,0.1882,0.0853,0.0541,48.0,15.33,11.26,10.99,10.98,10.98,37.02,20.0,1,high_risk,1999,1.0,0.02236067977499789,0
ALS_0596,0.875,2.423,36.5,0.02557,0.05186,0.04388,0.00332,45.0,0.028,0.1818,0.0704,1.0649,48.0,9.75,5.9,5.86,5.86,5.86,42.14,13.0,1,high_risk,1999,1.0,0.022360679774997894,0
ALS_0597,0.8977,2.5242,78.2,0.02635,0.05332,0.04499,0.01604,27.49,0.1068,0.1851,0.0595,0.4395,48.0,28.5,26.58,26.53,26.53,26.53,21.47,17.0,1,high_risk,1999,1.0,0.022360679774997887,0
ALS_0598,0.7855,2.0386,52.0,0.02254,0.04616,0.03949,0.0169,25.75,0.1317,0.1684,0.1934,0.3533,48.0,34.69,32.06,31.63,31.57,31.57,16.43,23.0,1,high_risk,1999,1.0,0.022360679774997887,0
ALS_0599,0.6827,1.6288,40.7,0.01924,0.03979,0.03445,0.01652,45.0,0.0249,0.1526,0.117,0.7255,48.0,20.76,10.11,7.88,7.58,7.54,40.42,60.0,0,high_risk,1999,1.0,0.022360679774997887,0
ALS_0600,0.3827,0.6452,38.3,0.01078,0.02237,0.01975,0.00557,45.0,0.0865,0.1035,0.1978,0.0958,48.0,40.45,37.31,35.58,34.5,33.79,13.5,60.0,0,low_risk,1999,1.0,0.02236067977499789,0
ALS_0601,0.0073,0.0012,60.2,0.00403,0.00515,0.00136,0.02278,36.29,0.0179,0.0235,0.0724,0.1907,48.0,46.27,44.92,43.84,42.96,42.24,5.04,60.0,0,low_risk,1999,1.0,0.02236067977499789,0
ALS_0602,0.1981,0.225,53.4,0.0067,0.01288,0.01071,0.02792,45.0,0.0768,0.0693,0.113,1.0045,48.0,44.82,43.36,42.48,41.84,41.31,6.16,60.0,0,low_risk,1999,1.0,0.02236067977499789,0
ALS_0603,0.141,0.1306,79.5,0.00567,0.01024,0.00791,0.02394,45.0,0.102,0.0575,0.1428,0.4597,48.0,44.94,43.92,43.47,43.2,43.01,4.8,32.0,1,high_risk,1999,1.0,0.022360679774997883,0
ALS_0604,0.3321,0.5141,39.6,0.00955,0.01965,0.01727,0.02078,29.12,0.0993,0.0945,0.1571,0.8062,48.0,44.29,42.74,41.79,41.11,40.61,6.89,27.0,1,high_risk,1999,1.0,0.022360679774997887,0
ALS_0605,0.0097,0.0018,69.7,0.00404,0.00521,0.00148,0.01128,20.42,0.0202,0.0244,0.0542,1.2071,48.0,47.0,46.23,45.63,45.16,44.77,2.84,60.0,0,low_risk,1999,1.0,0.022360679774997887,0
ALS_0606,0.8129,2.1538,52.7,0.02346,0.0479,0.04083,0.01118,44.28,0.0582,0.1725,0.2426,1.3821,48.0,16.43,10.97,10.59,10.57,10.56,37.43,60.0,0,high_risk,1999,1.0,0.02236067977499789,0
ALS_0607,0.2854,0.4034,68.5,0.00849,0.01721,0.01498,0.0122,45.0,0.0079,0.086,0.0902,0.6739,48.0,40.26,33.57,27.72,22.79,18.85,25.21,60.0,0,high_risk,1999,1.0,0.022360679774997887,0
ALS_0608,0.1935,0.2166,31.9,0.00661,0.01266,0.01048,0.01557,30.0,0.0954,0.0684,0.0928,0.3431,48.0,46.11,45.38,44.97,44.66,44.39,3.34,60.0,0,low_risk,1999,1.0,0.022360679774997887,0
ALS_0609,0.6203,1.3971,52.0,0.01732,0.03601,0.03139,0.01661,29.98,0.0845,0.1428,0.041,0.1554,48.0,35.79,30.6,28.64,28.18,28.12,19.82,60.0,0,low_risk,1999,1.0,0.022360679774997887,0
ALS_0610,0.9846,2.9263,60.5,0.02944,0.05898,0.04924,0.00912,20.61,0.1034,0.1978,0.1588,0.8462,48.0,31.96,31.16,31.15,31.15,31.15,16.85,14.0,1,high_risk,1999,1.0,0.022360679774997887,0
ALS_0611,0.2236,0.2731,71.3,0.00719,0.01411,0.01196,0.00267,45.0,0.0265,0.0743,0.049,1.3262,48.0,43.14,39.35,36.0,32.93,30.14,15.07,60.0,0,low_risk,1999,1.0,0.022360679774997887,0
ALS_0612,0.249,0.3244,39.5,0.00771,0.01537,0.0132,0.02017,45.0,0.0614,0.0792,0.0321,0.9861,48.0,43.47,40.72,38.37,36.09,33.93,11.91,60.0,0,low_risk,1999,1.0,0.022360679774997883,0
ALS_0613,0.588,1.2827,77.3,0.01636,0.03408,0.02981,0.01366,45.0,0.0523,0.1377,0.1228,0.8359,48.0,27.38,17.92,14.65,13.85,13.68,34.15,60.0,0,high_risk,1999,1.0,0.022360679774997887,0
ALS_0614,0.6665,1.5674,55.5,0.01873,0.0388,0.03366,0.0132,20.2,0.0288,0.1501,0.0767,0.4581,48.0,36.49,31.64,30.44,30.27,30.25,17.73,55.0,1,low_risk,1999,1.0,0.022360679774997887,0
ALS_0615,0.2794,0.3901,53.0,0.00836,0.01691,0.01469,0.00787,23.24,0.0182,0.0849,0.1815,0.6502,48.0,44.64,42.06,40.01,38.38,37.08,9.62,60.0,0,low_risk,1999,1.0,0.022360679774997894,0
ALS_0616,0.4957,0.9761,37.9,0.01373,0.02869,0.02529,0.01342,45.0,0.1327,0.1227,0.1814,0.137,48.0,38.04,34.86,33.27,32.44,32.01,15.56,60.0,0,low_risk,1999,1.0,0.022360679774997887,0
ALS_0617,0.454,0.848,46.9,0.01261,0.02632,0.02325,0.02206,45.0,0.1065,0.1157,0.1971,0.8592,48.0,38.4,34.43,32.21,30.95,30.28,17.05,60.0,0,low_risk,1999,1.0,0.022360679774997887,0
ALS_0618,0.7524,1.9029,43.1,0.02146,0.04409,0.03787,0.00143,45.0,0.1498,0.1634,0.0728,0.9188,48.0,25.05,19.43,18.98,18.97,18.97,29.03,23.0,1,high_risk,1999,1.0,0.022360679774997894,0
ALS_0619,0.8003,2.1003,49.5,0.02303,0.0471,0.04021,4e-05,45.0,0.0019,0.1706,0.0521,0.3544,48.0,12.49,3.97,3.3,3.28,3.28,44.72,35.0,1,high_risk,1999,1.0,0.022360679774997887,0
ALS_0620,0.8239,2.2004,50.8,0.02382,0.04859,0.04137,0.01925,25.75,0.1149,0.1742,0.1414,1.4765,48.0,31.05,28.7,28.63,28.63,28.63,19.37,14.0,1,high_risk,1999,1.0,0.02236067977499789,0
ALS_0621,0.1963,0.2218,73.4,0.00666,0.0128,0.01062,0.02423,39.76,0.0844,0.0689,0.0462,1.2029,48.0,44.46,42.84,41.71,40.72,39.8,7.28,60.0,0,low_risk,1999,1.0,0.022360679774997887,0
ALS_0622,0.1583,0.1572,79.8,0.00597,0.01102,0.00876,0.02834,35.52,0.1467,0.0612,0.1404,0.6516,48.0,45.71,45.2,44.98,44.83,44.72,3.17,60.0,0,low_risk,1999,1.0,0.02236067977499789,0
ALS_0623,0.3808,0.6401,39.3,0.01073,0.02227,0.01966,0.01549,23.06,0.0019,0.1031,0.0485,0.0672,48.0,42.2,37.17,32.94,29.78,27.75,18.22,7.0,1,high_risk,1999,1.0,0.02236067977499789,0
ALS_0624,0.492,0.9645,68.7,0.01363,0.02848,0.02511,0.0095,40.48,0.0894,0.1221,0.135,0.5116,48.0,36.89,31.9,29.2,27.87,27.28,20.13,60.0,0,low_risk,1999,1.0,0.022360679774997887,0
ALS_0625,0.6917,1.6634,38.0,0.01952,0.04034,0.03489,0.01915,45.0,0.0549,0.154,0.0857,1.0613,48.0,21.83,12.54,11.27,11.19,11.19,36.81,20.0,1,high_risk,1999,1.0,0.022360679774997887,0
ALS_0626,0.1673,0.1716,41.6,0.00613,0.01143,0.0092,0.00112,45.0,0.0489,0.0631,0.0916,0.5145,48.0,44.91,43.09,41.86,40.93,40.18,7.07,60.0,0,low_risk,1999,1.0,0.022360679774997897,0
ALS_0627,0.7095,1.7324,79.5,0.02008,0.04143,0.03577,0.00448,25.22,0.15,0.1568,0.03,0.1982,48.0,37.11,33.91,33.24,33.18,33.17,14.82,40.0,1,low_risk,1999,1.0,0.022360679774997887,0
ALS_0628,0.3978,0.6863,44.9,0.01115,0.02319,0.02049,0.01028,20.98,0.1353,0.1061,0.1844,1.1837,48.0,44.83,43.67,42.95,42.48,42.18,5.52,60.0,0,low_risk,1999,1.0,0.022360679774997887,0
ALS_0629,0.4256,0.7647,53.6,0.01186,0.02473,0.02185,0.02329,32.61,0.1035,0.1109,0.0628,0.1609,48.0,41.77,38.91,36.89,35.52,34.71,12.48,60.0,0,low_risk,1999,1.0,0.02236067977499789,0
ALS_0630,0.7352,1.8338,38.2,0.0209,0.04302,0.03702,0.00845,29.44,0.0819,0.1607,0.0416,1.0407,48.0,30.25,25.35,25.06,25.06,25.06,22.94,47.0,1,high_risk,1999,1.0,0.022360679774997887,0
ALS_0631,0.8543,2.3317,54.4,0.02485,0.05053,0.04286,0.00578,31.7,0.0815,0.1787,0.1992,0.8627,48.0,25.94,22.78,22.59,22.58,22.58,25.42,14.0,1,high_risk,1999,1.0,0.022360679774997887,0
ALS_0632,0.8888,2.4842,68.8,0.02604,0.05274,0.04455,0.00456,45.0,0.0925,0.1838,0.1294,1.1552,48.0,14.5,11.47,11.43,11.43,11.43,36.57,18.0,1,high_risk,1999,1.0,0.022360679774997887,0
ALS_0633,0.7769,2.0033,48.1,0.02226,0.04563,0.03907,0.02148,34.09,0.076,0.1671,0.0599,1.2826,48.0,24.96,20.4,20.28,20.28,20.28,27.72,60.0,0,high_risk,1999,1.0,0.022360679774997894,0
ALS_0634,0.52,1.0536,75.3,0.01441,0.03009,0.02648,0.02269,23.15,0.0687,0.1267,0.1765,0.8675,48.0,39.68,35.92,34.22,33.54,33.3,14.46,60.0,0,low_risk,1999,1.0,0.022360679774997887,0
ALS_0635,0.1673,0.1716,47.3,0.00613,0.01143,0.0092,0.02325,34.4,0.0661,0.0631,0.242,0.4909,48.0,45.85,44.83,44.29,43.97,43.75,4.03,60.0,0,low_risk,1999,1.0,0.022360679774997887,0
ALS_0636,0.2798,0.391,71.0,0.00837,0.01693,0.01471,0.01194,45.0,0.0948,0.085,0.204,0.2651,48.0,43.06,41.2,40.24,39.62,39.19,8.38,60.0,0,low_risk,1999,1.0,0.022360679774997894,0
ALS_0637,0.5724,1.2288,42.4,0.01591,0.03316,0.02905,0.00739,22.09,0.0566,0.1352,0.1973,0.0387,48.0,39.6,36.03,34.43,33.74,33.45,14.26,60.0,0,low_risk,1999,1.0,0.022360679774997894,0
ALS_0638,0.9303,2.6727,35.1,0.0275,0.05543,0.04659,0.0091,45.0,0.0662,0.1899,0.1696,1.2839,48.0,11.24,8.85,8.83,8.83,8.83,39.17,60.0,0,high_risk,1999,1.0,0.022360679774997887,0
ALS_0639,0.4658,0.8834,52.1,0.01292,0.02699,0.02382,0.02826,27.44,0.078,0.1177,0.0581,0.8057,48.0,40.93,36.72,33.92,32.51,32.0,15.49,60.0,0,low_risk,1999,1.0,0.022360679774997883,0
ALS_0640,0.3759,0.6271,74.0,0.01061,0.022,0.01942,0.00764,25.99,0.0485,0.1023,0.2201,0.5407,48.0,42.63,39.64,37.77,36.56,35.78,11.44,60.0,0,low_risk,1999,1.0,0.022360679774997887,0
ALS_0641,0.0502,0.0251,42.6,0.00439,0.00652,0.00346,0.01219,29.91,0.1096,0.0364,0.0572,1.0183,48.0,47.11,46.85,46.74,46.68,46.62,1.32,60.0,0,low_risk,1999,1.0,0.022360679774997883,0
ALS_0642,0.7031,1.7076,63.2,0.01988,0.04104,0.03545,0.00383,27.16,0.0406,0.1558,0.1998,0.1635,48.0,32.59,27.51,26.1,25.75,25.66,22.25,34.0,1,high_risk,1999,1.0,0.02236067977499789,0
ALS_0643,0.3325,0.5153,54.4,0.00957,0.01967,0.01729,0.00865,45.0,0.0674,0.0946,0.0669,1.2024,48.0,41.24,37.11,33.73,30.97,28.95,17.03,37.0,1,low_risk,1999,1.0,0.022360679774997887,0
ALS_0644,0.6206,1.3983,75.4,0.01733,0.03603,0.03141,0.02008,39.7,0.0002,0.1429,0.2201,0.0485,48.0,24.91,14.43,10.42,9.02,8.56,38.98,34.0,1,high_risk,1999,1.0,0.02236067977499789,0
ALS_0645,0.3322,0.5145,45.6,0.00956,0.01966,0.01728,0.01442,24.78,0.1471,0.0945,0.1246,0.9905,48.0,45.38,44.5,43.89,43.4,43.03,4.6,60.0,0,low_risk,1999,1.0,0.022360679774997894,0
ALS_0646,0.4176,0.7419,43.6,0.01166,0.02429,0.02146,0.02862,25.7,0.0229,0.1095,0.1888,0.3677,48.0,41.27,36.76,33.73,31.75,30.52,16.25,60.0,0,low_risk,1999,1.0,0.022360679774997887,0
ALS_0647,0.2768,0.3841,31.4,0.0083,0.01677,0.01456,0.02126,45.0,0.0451,0.0844,0.1581,0.6231,48.0,42.41,38.99,36.63,34.89,33.57,13.11,60.0,0,low_risk,1999,1.0,0.02236067977499789,0
ALS_0648,0.4606,0.8677,35.0,0.01278,0.02669,0.02357,0.02065,45.0,0.1066,0.1168,0.047,1.3663,48.0,37.53,31.0,26.44,24.45,23.91,23.55,60.0,0,high_risk,1999,1.0,0.02236067977499789,0
ALS_0649,0.2191,0.2643,38.9,0.0071,0.01389,0.01173,0.02578,30.63,0.0353,0.0734,0.1611,0.5434,48.0,45.04,43.07,41.67,40.61,39.78,7.39,60.0,0,low_risk,1999,1.0,0.022360679774997883,0
ALS_0650,0.379,0.6352,68.5,0.01068,0.02217,0.01957,0.00977,32.38,0.0831,0.1028,0.1075,1.0079,48.0,42.09,39.02,36.88,35.42,34.51,12.58,60.0,0,low_risk,1999,1.0,0.022360679774997887,0
ALS_0651,0.6632,1.5549,57.1,0.01863,0.0386,0.0335,0.01343,31.6,0.0357,0.1496,0.0787,0.0943,48.0,31.07,24.2,22.07,21.6,21.52,26.4,60.0,0,high_risk,1999,1.0,0.022360679774997887,0
ALS_0652,0.222,0.27,55.1,0.00716,0.01404,0.01188,0.00436,24.12,0.0862,0.074,0.2494,0.797,48.0,46.16,45.43,45.07,44.85,44.69,3.15,60.0,0,low_risk,1999,1.0,0.02236067977499789,0
ALS_0653,0.2608,0.3493,45.0,0.00796,0.01596,0.01378,0.02979,40.68,0.0179,0.0814,0.1548,0.0738,48.0,42.65,38.53,35.23,32.58,30.43,15.42,60.0,0,low_risk,1999,1.0,0.022360679774997887,0
ALS_0654,0.647,1.4947,64.5,0.01813,0.03762,0.0327,0.01437,45.0,0.04,0.1471,0.1939,0.9337,48.0,23.81,14.19,11.53,10.96,10.84,37.04,37.0,1,high_risk,1999,1.0,0.02236067977499789,0
ALS_0655,0.2331,0.2919,39.3,0.00739,0.01458,0.01242,0.0205,37.18,0.0502,0.0762,0.1035,0.8073,48.0,44.39,42.22,40.69,39.48,38.5,8.52,60.0,0,low_risk,1999,1.0,0.022360679774997887,0
ALS_0656,0.4508,0.8384,37.3,0.01252,0.02614,0.02309,0.01104,39.67,0.073,0.1152,0.1865,0.0019,48.0,38.67,34.51,32.23,30.92,30.16,17.08,60.0,0,low_risk,1999,1.0,0.022360679774997887,0
ALS_0657,0.624,1.4106,35.7,0.01743,0.03623,0.03158,0.00378,38.01,0.1254,0.1434,0.1213,1.1989,48.0,33.33,27.44,25.79,25.51,25.47,22.49,54.0,1,high_risk,1999,1.0,0.022360679774997887,0
ALS_0658,0.0498,0.0247,71.4,0.00439,0.0065,0.00344,0.01672,45.0,0.0981,0.0363,0.2029,1.4299,48.0,46.22,45.65,45.44,45.35,45.29,2.65,60.0,0,low_risk,1999,1.0,0.022360679774997887,0
ALS_0659,0.7263,1.7985,66.0,0.02062,0.04247,0.03659,0.02493,45.0,0.0071,0.1594,0.1791,0.3563,48.0,16.64,6.78,4.73,4.39,4.33,43.61,29.0,1,high_risk,1999,1.0,0.022360679774997887,0
ALS_0660,0.3897,0.6643,71.1,0.01095,0.02275,0.0201,0.01817,36.02,0.0526,0.1047,0.1642,0.9263,48.0,39.74,35.04,32.06,30.19,29.07,17.81,60.0,0,low_risk,1999,1.0,0.022360679774997887,0
ALS_0661,0.3726,0.6181,44.4,0.01053,0.02182,0.01926,0.0158,31.11,0.0599,0.1017,0.0769,1.4232,48.0,42.12,38.22,35.13,32.91,31.57,15.09,5.0,1,high_risk,1999,1.0,0.02236067977499789,0
ALS_0662,0.1417,0.1316,43.7,0.00569,0.01027,0.00794,0.00475,45.0,0.0744,0.0577,0.2485,0.9961,48.0,45.63,44.62,44.12,43.84,43.66,4.16,60.0,0,low_risk,1999,1.0,0.02236067977499789,0
ALS_0663,0.14,0.129,56.6,0.00566,0.01019,0.00786,0.01663,29.06,0.1423,0.0573,0.1945,0.8703,48.0,46.86,46.61,46.52,46.47,46.42,1.53,60.0,0,low_risk,1999,1.0,0.022360679774997883,0
ALS_0664,0.8149,2.1621,33.5,0.02352,0.04802,0.04093,0.00824,45.0,0.0453,0.1728,0.0895,1.4058,48.0,13.17,8.03,7.93,7.93,7.93,40.07,18.0,1,high_risk,1999,1.0,0.02236067977499789,0
ALS_0665,0.3214,0.4881,48.7,0.00931,0.01909,0.01675,0.0119,43.57,0.0862,0.0926,0.0369,0.3903,48.0,42.37,39.43,36.97,34.75,32.91,13.25,60.0,0,low_risk,1999,1.0,0.022360679774997894,0
ALS_0666,0.7277,1.8042,30.9,0.02066,0.04256,0.03666,0.01793,45.0,0.0106,0.1596,0.1994,1.3608,48.0,15.96,6.16,4.86,4.73,4.72,43.27,28.0,1,high_risk,1999,1.0,0.022360679774997887,0
ALS_0667,0.1881,0.2071,62.8,0.00651,0.01241,0.01022,0.0288,31.81,0.0552,0.0673,0.2231,0.0986,48.0,45.27,43.84,43.01,42.48,42.11,5.52,60.0,0,low_risk,1999,1.0,0.022360679774997887,0
ALS_0668,0.0175,0.0046,31.6,0.00409,0.00543,0.00186,0.01911,44.91,0.007,0.0271,0.1199,0.0658,48.0,45.92,44.08,42.43,40.95,39.61,7.05,39.0,1,low_risk,1999,1.0,0.02236067977499789,0
ALS_0669,0.8417,2.2772,73.8,0.02443,0.04973,0.04224,0.0271,45.0,0.0704,0.1768,0.0959,0.9128,48.0,14.23,10.24,10.14,10.14,10.14,37.86,44.0,1,high_risk,1999,1.0,0.022360679774997887,0
ALS_0670,0.9461,2.7454,66.6,0.02806,0.05646,0.04736,0.01616,38.25,0.1055,0.1922,0.1017,0.7108,48.0,19.16,17.28,17.26,17.26,17.26,30.74,27.0,1,high_risk,1999,1.0,0.02236067977499789,0
ALS_0671,0.6682,1.5739,46.9,0.01879,0.0389,0.03374,0.0204,45.0,0.0739,0.1504,0.2485,0.3605,48.0,26.89,20.05,17.91,17.3,17.13,30.7,56.0,1,high_risk,1999,1.0,0.02236067977499789,0
ALS_0672,0.2693,0.3676,53.1,0.00814,0.01639,0.01419,0.00058,45.0,0.1486,0.083,0.2171,1.3778,48.0,44.61,43.73,43.27,42.93,42.65,5.07,60.0,0,low_risk,1999,1.0,0.02236067977499789,0
ALS_0673,0.4741,0.9088,57.9,0.01314,0.02746,0.02423,0.00589,32.72,0.0834,0.1191,0.0897,0.6195,48.0,39.57,35.17,32.45,31.03,30.42,16.97,60.0,0,low_risk,1999,1.0,0.022360679774997883,0
ALS_0674,0.5605,1.1879,53.5,0.01556,0.03245,0.02846,0.00827,43.77,0.0973,0.1333,0.0983,0.1967,48.0,33.92,28.1,25.31,24.2,23.83,23.8,53.0,1,high_risk,1999,1.0,0.022360679774997883,0
ALS_0675,0.4921,0.9648,76.9,0.01364,0.02849,0.02511,0.02733,35.48,0.0501,0.1221,0.1301,1.0152,48.0,34.86,27.92,24.54,23.21,22.76,24.79,36.0,1,high_risk,1999,1.0,0.022360679774997887,0
ALS_0676,0.8026,2.1104,36.8,0.02311,0.04725,0.04033,0.01897,44.1,0.0561,0.171,0.1241,0.6402,48.0,17.77,11.5,10.96,10.94,10.94,37.06,15.0,1,high_risk,1999,1.0,0.022360679774997887,0
ALS_0677,0.2239,0.2737,57.9,0.0072,0.01413,0.01197,0.01769,45.0,0.1065,0.0744,0.1271,0.302,48.0,44.73,43.58,42.97,42.53,42.17,5.47,60.0,0,low_risk,1999,1.0,0.02236067977499789,0
ALS_0678,0.4657,0.8834,42.2,0.01292,0.02699,0.02382,0.02353,45.0,0.0728,0.1177,0.1349,1.055,48.0,36.24,29.82,25.96,23.94,23.02,24.06,60.0,0,high_risk,1999,1.0,0.02236067977499789,0
ALS_0679,0.3089,0.458,69.6,0.00902,0.01843,0.01614,0.02212,33.1,0.1204,0.0903,0.1015,0.8417,48.0,43.96,42.44,41.42,40.63,40.03,7.37,60.0,0,low_risk,1999,1.0,0.022360679774997894,0
ALS_0680,0.5327,1.0951,78.3,0.01476,0.03083,0.0271,0.02782,20.56,0.1465,0.1288,0.0528,1.4019,48.0,41.45,38.35,37.18,36.98,36.95,11.02,60.0,0,low_risk,1999,1.0,0.02236067977499789,0
ALS_0681,0.8332,2.2404,33.2,0.02414,0.04918,0.04183,0.02396,23.28,0.0274,0.1756,0.0366,1.2724,48.0,28.58,26.23,26.22,26.22,26.22,21.78,15.0,1,high_risk,1999,1.0,0.02236067977499789,0
ALS_0682,0.933,2.685,71.9,0.0276,0.05561,0.04672,0.02741,21.92,0.0593,0.1903,0.2019,0.1577,48.0,30.89,29.22,29.12,29.11,29.11,18.89,24.0,1,high_risk,1999,1.0,0.022360679774997894,0
ALS_0683,0.6007,1.3272,43.1,0.01674,0.03484,0.03043,0.02418,45.0,0.0219,0.1397,0.1857,0.8855,48.0,25.66,14.31,10.06,8.8,8.47,39.2,28.0,1,high_risk,1999,1.0,0.02236067977499789,0
ALS_0684,0.5023,0.9968,72.1,0.01391,0.02907,0.02561,0.00364,45.0,0.0589,0.1238,0.164,0.1955,48.0,34.05,27.33,23.77,21.97,21.11,26.03,21.0,1,high_risk,1999,1.0,0.02236067977499789,0
ALS_0685,0.8524,2.3237,47.5,0.02479,0.05041,0.04277,0.01975,45.0,0.0301,0.1784,0.1261,0.4897,48.0,13.01,7.15,6.77,6.75,6.75,41.25,60.0,0,high_risk,1999,1.0,0.022360679774997894,0
ALS_0686,0.2428,0.3115,55.7,0.00758,0.01506,0.0129,0.00278,37.3,0.0463,0.078,0.1969,0.7884,48.0,44.13,41.83,40.31,39.23,38.41,8.77,60.0,0,low_risk,1999,1.0,0.022360679774997894,0
ALS_0687,0.6727,1.5908,62.9,0.01892,0.03918,0.03396,0.00139,45.0,0.1181,0.1511,0.0396,0.0123,48.0,29.39,23.28,21.32,20.94,20.89,27.06,60.0,0,high_risk,1999,1.0,0.02236067977499789,0
ALS_0688,0.8748,2.4221,37.8,0.02556,0.05184,0.04387,0.00111,28.55,0.1345,0.1817,0.1946,0.3989,48.0,30.72,28.45,28.25,28.24,28.24,19.76,60.0,0,low_risk,1999,1.0,0.022360679774997894,0
ALS_0689,0.9643,2.8303,66.6,0.02871,0.05765,0.04825,0.00993,35.7,0.0666,0.1948,0.0729,0.4032,48.0,19.16,17.11,17.08,17.08,17.08,30.92,9.0,1,high_risk,1999,1.0,0.02236067977499789,0
ALS_0690,0.8126,2.1525,32.2,0.02345,0.04788,0.04082,0.0267,35.83,0.1215,0.1725,0.0692,1.2473,48.0,25.01,21.51,21.44,21.44,21.44,26.56,13.0,1,high_risk,1999,1.0,0.022360679774997887,0
ALS_0691,0.3184,0.4806,77.2,0.00924,0.01893,0.0166,0.00916,34.81,0.149,0.092,0.0489,0.7604,48.0,44.22,42.79,41.54,40.39,39.45,7.61,60.0,0,low_risk,1999,1.0,0.022360679774997887,0
ALS_0692,0.7603,1.935,53.0,0.02171,0.04459,0.03825,0.02372,34.7,0.1016,0.1646,0.1589,0.4329,48.0,29.19,24.72,23.96,23.87,23.85,24.13,33.0,1,high_risk,1999,1.0,0.022360679774997887,0
ALS_0693,0.518,1.0471,42.2,0.01435,0.02998,0.02638,0.01688,45.0,0.0432,0.1263,0.2052,0.6994,48.0,32.3,23.91,19.55,17.5,16.6,30.5,27.0,1,high_risk,1999,1.0,0.022360679774997883,0
ALS_0694,0.7477,1.8841,30.2,0.02131,0.0438,0.03764,0.01755,40.94,0.0906,0.1626,0.1349,0.3926,48.0,25.64,19.85,18.82,18.68,18.67,29.32,36.0,1,high_risk,1999,1.0,0.022360679774997883,0
ALS_0695,0.3649,0.5979,55.8,0.01034,0.02141,0.01888,0.01935,24.66,0.1022,0.1004,0.1449,1.4574,48.0,44.28,42.56,41.39,40.56,40.0,7.44,60.0,0,low_risk,1999,1.0,0.02236067977499789,0
ALS_0696,0.534,1.0996,40.5,0.0148,0.03091,0.02717,7e-05,30.85,0.063,0.129,0.2118,0.6432,48.0,37.56,32.67,30.3,29.24,28.8,18.76,60.0,0,low_risk,1999,1.0,0.022360679774997887,0
ALS_0697,0.9069,2.566,60.1,0.02668,0.05392,0.04544,0.0012,36.7,0.1169,0.1865,0.2281,0.6338,48.0,23.33,20.71,20.56,20.55,20.55,27.45,30.0,1,high_risk,1999,1.0,0.02236067977499789,0
ALS_0698,0.1628,0.1643,34.2,0.00605,0.01123,0.00897,0.01223,32.49,0.0934,0.0621,0.0958,1.3918,48.0,46.25,45.57,45.19,44.9,44.66,3.1,60.0,0,low_risk,1999,1.0,0.022360679774997883,0
ALS_0699,0.0321,0.0122,75.9,0.00421,0.00589,0.00257,0.02617,45.0,0.0385,0.0315,0.1838,0.0147,48.0,45.25,43.57,42.5,41.79,41.3,6.21,60.0,0,low_risk,1999,1.0,0.02236067977499789,0
ALS_0700,0.798,2.0908,48.9,0.02296,0.04695,0.0401,0.0017,45.0,0.0336,0.1703,0.1776,0.7336,48.0,15.55,8.47,7.73,7.67,7.67,40.33,19.0,1,high_risk,1999,1.0,0.022360679774997887,0
ALS_0701,0.7598,1.9332,63.2,0.0217,0.04456,0.03823,0.02926,45.0,0.1121,0.1645,0.2405,0.7656,48.0,23.28,18.15,17.37,17.27,17.26,30.73,31.0,1,high_risk,1999,1.0,0.022360679774997894,0
ALS_0702,0.8591,2.3529,67.6,0.02502,0.05084,0.0431,0.00551,23.73,0.0577,0.1794,0.2336,0.3377,48.0,31.12,28.42,28.12,28.1,28.09,19.9,60.0,0,low_risk,1999,1.0,0.022360679774997887,0
ALS_0703,0.8106,2.144,43.2,0.02338,0.04775,0.04072,0.00932,36.44,0.0473,0.1722,0.2324,0.9965,48.0,22.0,17.01,16.55,16.52,16.51,31.48,60.0,0,high_risk,1999,1.0,0.02236067977499789,0
ALS_0704,0.7014,1.701,56.9,0.01983,0.04094,0.03537,0.00355,38.9,0.0853,0.1555,0.031,1.3977,48.0,25.58,18.44,18.06,18.06,18.06,29.94,25.0,1,high_risk,1999,1.0,0.022360679774997887,0
ALS_0705,0.0737,0.0462,67.9,0.00468,0.00741,0.00461,0.02825,45.0,0.0277,0.0423,0.0714,0.6274,48.0,45.05,42.98,41.43,40.24,39.28,7.76,60.0,0,low_risk,1999,1.0,0.02236067977499789,0
ALS_0706,0.2134,0.2533,52.2,0.00699,0.01362,0.01145,0.02787,33.78,0.1189,0.0723,0.0304,0.8137,48.0,45.85,45.05,44.4,43.71,42.97,4.29,60.0,0,low_risk,1999,1.0,0.022360679774997887,0
ALS_0707,0.5145,1.036,78.9,0.01425,0.02978,0.02621,0.02135,30.66,0.0735,0.1258,0.0673,1.2202,48.0,36.77,30.69,28.04,27.34,27.22,20.66,36.0,1,low_risk,1999,1.0,0.022360679774997897,0
ALS_0708,0.8753,2.424,58.1,0.02558,0.05187,0.04389,0.00373,45.0,0.0188,0.1818,0.2158,0.7081,48.0,10.96,5.65,5.31,5.29,5.29,42.71,60.0,0,high_risk,1999,1.0,0.02236067977499789,0
ALS_0709,0.883,2.4583,44.7,0.02584,0.05237,0.04427,0.00112,37.27,0.0846,0.1829,0.1302,0.1654,48.0,22.65,19.02,18.71,18.69,18.68,29.31,60.0,0,high_risk,1999,1.0,0.02236067977499789,0
ALS_0710,0.3176,0.4788,58.6,0.00922,0.01889,0.01656,0.02874,42.16,0.0997,0.0919,0.2498,0.8896,48.0,42.78,40.81,39.77,39.11,38.64,8.89,60.0,0,low_risk,1999,1.0,0.022360679774997887,0
ALS_0711,0.479,0.9239,41.7,0.01328,0.02774,0.02447,0.01271,45.0,0.0591,0.1199,0.1297,1.0708,48.0,34.87,27.22,22.74,20.56,19.65,27.44,35.0,1,high_risk,1999,1.0,0.022360679774997887,0
ALS_0712,0.7863,2.0421,62.7,0.02257,0.04622,0.03953,0.01096,24.15,0.0602,0.1685,0.2075,0.5569,48.0,32.35,28.91,28.42,28.37,28.36,19.63,45.0,1,low_risk,1999,1.0,0.02236067977499789,0
ALS_0713,0.1995,0.2276,49.0,0.00672,0.01295,0.01078,0.00879,45.0,0.0294,0.0696,0.0401,0.4497,48.0,43.93,40.9,38.34,36.01,33.86,11.99,60.0,0,low_risk,1999,1.0,0.022360679774997894,0
ALS_0714,0.5733,1.2319,72.7,0.01593,0.03321,0.02909,0.01977,31.99,0.079,0.1353,0.1396,0.7492,48.0,35.25,29.9,27.87,27.26,27.11,20.74,60.0,0,low_risk,1999,1.0,0.022360679774997883,0
ALS_0715,0.3134,0.4686,49.5,0.00912,0.01866,0.01635,0.02816,20.61,0.0174,0.0911,0.202,0.8594,48.0,44.47,41.77,39.66,38.03,36.79,9.97,60.0,0,low_risk,1999,1.0,0.022360679774997887,0
ALS_0716,0.7357,1.836,34.9,0.02092,0.04306,0.03705,0.02094,37.37,0.0575,0.1608,0.2266,0.5459,48.0,26.1,19.95,18.67,18.45,18.41,29.55,17.0,1,high_risk,1999,1.0,0.022360679774997883,0
ALS_0717,0.6451,1.4878,45.2,0.01808,0.0375,0.03261,0.00154,45.0,0.0037,0.1468,0.0354,0.2774,48.0,21.42,8.1,4.38,3.85,3.8,44.15,60.0,0,high_risk,1999,1.0,0.022360679774997883,0
ALS_0718,0.6721,1.5885,71.6,0.01891,0.03914,0.03393,0.02769,33.08,0.0117,0.151,0.2228,0.4072,48.0,27.01,19.43,17.36,16.87,16.76,31.13,60.0,0,high_risk,1999,1.0,0.022360679774997894,0
ALS_0719,0.6365,1.4562,52.9,0.01781,0.03698,0.03219,0.02193,45.0,0.0638,0.1454,0.2219,0.421,48.0,27.67,20.09,17.45,16.63,16.38,31.37,51.0,1,high_risk,1999,1.0,0.02236067977499789,0
ALS_0720,0.5662,1.2074,65.2,0.01573,0.03279,0.02874,0.02599,43.83,0.0648,0.1342,0.2093,1.2081,48.0,30.14,22.2,19.12,18.13,17.85,29.87,47.0,1,high_risk,1999,1.0,0.02236067977499789,0
ALS_0721,0.0412,0.0182,52.6,0.0043,0.0062,0.00302,0.01993,20.21,0.0573,0.034,0.207,1.3607,48.0,47.25,46.87,46.67,46.55,46.49,1.45,60.0,0,low_risk,1999,1.0,0.022360679774997894,0
ALS_0722,0.3841,0.6491,36.5,0.01081,0.02245,0.01982,0.02931,45.0,0.0852,0.1037,0.1417,0.3489,48.0,40.27,36.74,34.56,33.11,32.14,14.89,60.0,0,low_risk,1999,1.0,0.022360679774997883,0
ALS_0723,0.7067,1.7215,66.6,0.01999,0.04126,0.03563,0.01807,22.88,0.0614,0.1564,0.0813,1.0755,48.0,34.09,29.88,29.44,29.42,29.42,18.58,60.0,0,low_risk,1999,1.0,0.022360679774997887,0
ALS_0724,0.6069,1.3492,69.2,0.01692,0.0352,0.03074,0.02793,45.0,0.1224,0.1407,0.2194,0.9193,48.0,30.89,25.44,23.68,23.19,23.07,24.81,44.0,1,high_risk,1999,1.0,0.02236067977499789,0
ALS_0725,0.6821,1.6266,59.7,0.01922,0.03975,0.03442,0.02903,23.15,0.0387,0.1525,0.0496,0.5553,48.0,34.31,29.11,28.2,28.13,28.13,19.87,40.0,1,low_risk,1999,1.0,0.022360679774997887,0
ALS_0726,0.0633,0.0362,65.7,0.00455,0.007,0.0041,0.02882,31.35,0.1433,0.0398,0.0653,0.0217,48.0,46.91,46.68,46.6,46.54,46.48,1.46,60.0,0,low_risk,1999,1.0,0.022360679774997887,0
ALS_0727,0.0919,0.0659,58.7,0.00492,0.00814,0.0055,0.01883,45.0,0.0199,0.0467,0.1332,0.4125,48.0,45.36,43.33,41.72,40.41,39.34,7.59,60.0,0,low_risk,1999,1.0,0.022360679774997883,0
ALS_0728,0.9132,2.5945,56.1,0.0269,0.05432,0.04575,0.01862,45.0,0.1353,0.1874,0.1412,0.9032,48.0,17.23,14.61,14.56,14.56,14.56,33.44,27.0,1,high_risk,1999,1.0,0.022360679774997887,0
ALS_0729,0.3762,0.6277,56.7,0.01062,0.02202,0.01943,0.02262,40.99,0.081,0.1023,0.103,0.738,48.0,40.86,37.17,34.6,32.78,31.58,15.22,60.0,0,low_risk,1999,1.0,0.022360679774997883,0
ALS_0730,0.6289,1.4283,62.2,0.01758,0.03652,0.03181,0.02416,45.0,0.0908,0.1442,0.1282,0.8403,48.0,28.28,20.73,18.55,18.12,18.05,29.88,50.0,1,high_risk,1999,1.0,0.022360679774997887,0
ALS_0731,0.7703,1.976,69.8,0.02204,0.04521,0.03875,0.02445,39.69,0.1134,0.1661,0.0902,0.2313,48.0,25.92,21.31,20.67,20.62,20.61,27.38,60.0,0,high_risk,1999,1.0,0.022360679774997887,0
ALS_0732,0.0656,0.0384,37.6,0.00457,0.00709,0.00422,0.02287,33.36,0.0299,0.0404,0.2103,1.0605,48.0,46.44,45.37,44.61,44.06,43.66,3.94,1.0,1,high_risk,1999,1.0,0.022360679774997894,0
ALS_0733,0.3937,0.6751,62.8,0.01105,0.02297,0.02029,0.02013,20.87,0.0865,0.1054,0.1891,0.3757,48.0,44.07,42.39,41.44,40.86,40.49,7.14,60.0,0,low_risk,1999,1.0,0.02236067977499789,0
ALS_0734,0.501,0.9929,39.7,0.01388,0.029,0.02555,0.0287,22.93,0.1382,0.1236,0.0571,1.2516,48.0,42.42,39.32,37.47,36.84,36.7,11.16,32.0,1,high_risk,1999,1.0,0.022360679774997887,0
ALS_0735,0.6952,1.677,74.6,0.01963,0.04056,0.03507,0.00602,29.33,0.1258,0.1546,0.1398,0.2032,48.0,35.24,31.84,30.93,30.74,30.7,17.26,33.0,1,high_risk,1999,1.0,0.022360679774997883,0
ALS_0736,0.3177,0.4791,52.2,0.00922,0.01889,0.01657,0.00759,20.04,0.0182,0.0919,0.0553,0.9016,48.0,44.46,41.48,38.82,36.58,34.9,11.42,60.0,0,low_risk,1999,1.0,0.022360679774997883,0
ALS_0737,0.9308,2.675,41.6,0.02752,0.05547,0.04661,0.02836,44.67,0.0864,0.19,0.1408,0.5898,48.0,14.54,11.5,11.42,11.42,11.42,36.58,60.0,0,high_risk,1999,1.0,0.022360679774997887,0
ALS_0738,0.1536,0.1497,67.7,0.00589,0.01081,0.00853,0.01541,45.0,0.0518,0.0602,0.0954,1.356,48.0,44.72,42.86,41.64,40.74,40.02,7.26,60.0,0,low_risk,1999,1.0,0.022360679774997887,0
ALS_0739,0.137,0.1248,59.2,0.00561,0.01007,0.00772,0.00063,45.0,0.0019,0.0567,0.1999,1.4716,48.0,44.59,41.4,38.42,35.64,33.06,12.36,60.0,0,low_risk,1999,1.0,0.022360679774997883,0
ALS_0740,0.2534,0.3337,34.2,0.00781,0.01559,0.01342,0.01564,39.71,0.1115,0.08,0.1641,0.01,48.0,44.81,43.77,43.25,42.89,42.62,5.11,60.0,0,low_risk,1999,1.0,0.022360679774997883,0
ALS_0741,0.5659,1.2063,58.6,0.01572,0.03277,0.02873,0.01091,45.0,0.1349,0.1341,0.0821,0.4916,48.0,34.6,29.11,26.54,25.69,25.47,22.31,24.0,1,high_risk,1999,1.0,0.022360679774997887,0
ALS_0742,0.7423,1.8621,48.7,0.02113,0.04346,0.03737,0.01218,45.0,0.0475,0.1618,0.1735,0.5401,48.0,20.16,12.23,10.79,10.59,10.56,37.41,60.0,0,high_risk,1999,1.0,0.022360679774997894,0
ALS_0743,0.697,1.6839,59.4,0.01969,0.04067,0.03515,0.02448,45.0,0.0308,0.1549,0.2108,0.0585,48.0,21.84,12.98,10.36,9.66,9.48,38.34,48.0,1,high_risk,1999,1.0,0.022360679774997883,0
ALS_0744,0.1294,0.1139,36.3,0.00549,0.00973,0.00734,0.01513,24.24,0.0939,0.0551,0.0407,0.2377,48.0,46.9,46.49,46.24,46.04,45.85,1.96,60.0,0,low_risk,1999,1.0,0.022360679774997887,0
ALS_0745,0.1952,0.2197,69.9,0.00664,0.01274,0.01056,0.02946,37.48,0.0051,0.0687,0.1949,0.7156,48.0,43.1,38.88,35.25,32.13,29.47,15.87,60.0,0,low_risk,1999,1.0,0.022360679774997894,0
ALS_0746,0.4726,0.9043,30.8,0.0131,0.02737,0.02416,0.01081,26.72,0.1446,0.1188,0.1503,0.4076,48.0,42.73,40.93,39.91,39.34,39.04,8.66,60.0,0,low_risk,1999,1.0,0.022360679774997887,0
ALS_0747,0.7466,1.8795,79.5,0.02127,0.04373,0.03758,0.01224,41.88,0.0355,0.1625,0.2271,0.8214,48.0,19.66,12.46,11.36,11.22,11.21,36.78,60.0,0,high_risk,1999,1.0,0.022360679774997887,0
ALS_0748,0.2868,0.4067,45.5,0.00853,0.01729,0.01505,0.01669,45.0,0.12,0.0863,0.2255,0.5724,48.0,43.85,42.56,41.92,41.5,41.19,6.5,60.0,0,low_risk,1999,1.0,0.022360679774997887,0
ALS_0749,0.9475,2.7522,63.2,0.02811,0.05656,0.04743,0.00904,45.0,0.0235,0.1924,0.0906,0.4175,48.0,8.81,5.44,5.37,5.37,5.37,42.63,30.0,1,high_risk,1999,1.0,0.022360679774997887,0
ALS_0750,0.5273,1.0774,53.6,0.01461,0.03052,0.02684,0.02012,44.82,0.1153,0.1279,0.2183,1.3192,48.0,35.48,30.31,27.86,26.83,26.44,21.17,60.0,0,low_risk,1999,1.0,0.022360679774997883,0
ALS_0751,0.8925,2.5008,34.7,0.02617,0.05298,0.04473,0.01526,36.43,0.1105,0.1843,0.2194,0.8294,48.0,23.18,20.44,20.31,20.3,20.3,27.7,16.0,1,high_risk,1999,1.0,0.022360679774997887,0
ALS_0752,0.0607,0.0339,42.5,0.00452,0.00691,0.00398,0.00223,32.02,0.1456,0.0391,0.1828,1.4185,48.0,47.16,47.0,46.95,46.93,46.91,1.07,60.0,0,low_risk,1999,1.0,0.02236067977499789,0
ALS_0753,0.4816,0.932,45.6,0.01335,0.02789,0.0246,0.02717,45.0,0.1148,0.1203,0.09,0.3443,48.0,37.65,33.17,30.43,28.94,28.25,19.06,60.0,0,low_risk,1999,1.0,0.02236067977499789,0
ALS_0754,0.6094,1.3583,46.6,0.017,0.03536,0.03086,0.0257,45.0,0.1358,0.1411,0.2243,0.9075,48.0,32.81,27.79,25.99,25.44,25.28,22.56,25.0,1,high_risk,1999,1.0,0.022360679774997883,0
ALS_0755,0.1746,0.1839,48.3,0.00626,0.01178,0.00956,0.00787,42.58,0.0066,0.0646,0.0372,0.9622,48.0,44.17,40.62,37.15,33.74,30.41,14.26,60.0,0,low_risk,1999,1.0,0.02236067977499789,0
ALS_0756,0.7741,1.9915,42.8,0.02217,0.04545,0.03893,0.02636,45.0,0.014,0.1667,0.0624,1.4642,48.0,11.94,4.88,4.73,4.73,4.73,43.27,45.0,1,high_risk,1999,1.0,0.022360679774997887,0
ALS_0757,0.2103,0.2475,68.4,0.00693,0.01347,0.0113,0.0085,27.39,0.1412,0.0717,0.0694,0.1135,48.0,46.33,45.87,45.59,45.33,45.08,2.67,60.0,0,low_risk,1999,1.0,0.022360679774997887,0
ALS_0758,0.902,2.5434,46.9,0.0265,0.05359,0.0452,0.02204,45.0,0.0412,0.1857,0.1819,0.4389,48.0,12.51,7.99,7.71,7.7,7.7,40.3,60.0,0,high_risk,1999,1.0,0.022360679774997887,0
ALS_0759,0.5969,1.3138,67.5,0.01662,0.03461,0.03025,0.02214,35.85,0.084,0.1391,0.1437,0.71,48.0,33.23,27.37,25.32,24.77,24.64,23.23,30.0,1,high_risk,1999,1.0,0.02236067977499789,0
ALS_0760,0.0399,0.0173,67.6,0.00429,0.00615,0.00295,0.0236,28.07,0.1323,0.0337,0.0616,1.0046,48.0,47.06,46.85,46.77,46.72,46.68,1.28,60.0,0,low_risk,1999,1.0,0.02236067977499789,0
ALS_0761,0.1086,0.086,60.7,0.00516,0.00883,0.00632,0.00534,33.7,0.1308,0.0505,0.1068,0.5292,48.0,46.81,46.51,46.39,46.31,46.25,1.69,60.0,0,low_risk,1999,1.0,0.022360679774997883,0
ALS_0762,0.4155,0.7358,42.6,0.0116,0.02417,0.02136,0.00263,38.18,0.0507,0.1091,0.1634,0.4707,48.0,39.26,34.29,31.14,29.16,27.95,18.84,44.0,1,low_risk,1999,1.0,0.022360679774997887,0
ALS_0763,0.0912,0.0651,77.6,0.00491,0.00811,0.00547,0.01561,44.82,0.0184,0.0465,0.2469,0.688,48.0,44.73,42.23,40.28,38.74,37.5,9.26,60.0,0,low_risk,1999,1.0,0.022360679774997887,0
ALS_0764,0.8181,2.176,35.4,0.02363,0.04823,0.04109,0.0104,45.0,0.0565,0.1733,0.147,0.3831,48.0,17.36,11.22,10.53,10.48,10.47,37.52,27.0,1,high_risk,1999,1.0,0.02236067977499789,0
ALS_0765,0.0773,0.0499,79.0,0.00472,0.00755,0.00479,0.02408,28.42,0.1303,0.0432,0.2188,1.0275,48.0,46.69,46.39,46.3,46.25,46.23,1.75,60.0,0,low_risk,1999,1.0,0.022360679774997894,0
ALS_0766,0.8176,2.1735,66.8,0.02361,0.04819,0.04106,0.00196,45.0,0.1339,0.1732,0.0971,0.0112,48.0,23.94,19.61,18.95,18.88,18.87,29.12,21.0,1,high_risk,1999,1.0,0.022360679774997887,0
ALS_0767,0.1267,0.11,71.5,0.00544,0.00961,0.00721,0.02487,45.0,0.1115,0.0545,0.2109,1.4133,48.0,45.52,44.79,44.51,44.36,44.25,3.64,60.0,0,low_risk,1999,1.0,0.022360679774997887,0
ALS_0768,0.3341,0.5193,65.0,0.0096,0.01976,0.01737,0.00025,45.0,0.1374,0.0949,0.1998,0.085,48.0,43.13,41.76,41.08,40.63,40.3,7.37,60.0,0,low_risk,1999,1.0,0.022360679774997887,0
ALS_0769,0.7605,1.936,48.0,0.02172,0.0446,0.03827,0.02499,35.89,0.1172,0.1646,0.1562,1.0226,48.0,28.19,23.66,23.18,23.15,23.14,24.85,31.0,1,high_risk,1999,1.0,0.022360679774997883,0
ALS_0770,0.0256,0.0085,79.7,0.00415,0.00568,0.00226,0.02353,45.0,0.0306,0.0296,0.0337,0.318,48.0,45.11,43.16,41.77,40.72,39.9,7.28,60.0,0,low_risk,1999,1.0,0.022360679774997883,0
ALS_0771,0.3915,0.6691,72.0,0.011,0.02285,0.02018,0.01257,28.8,0.0934,0.105,0.2477,0.2819,48.0,42.7,40.67,39.63,39.01,38.63,8.99,60.0,0,low_risk,1999,1.0,0.022360679774997887,0
ALS_0772,0.282,0.3959,35.1,0.00842,0.01704,0.01482,0.02884,45.0,0.0808,0.0854,0.0876,0.8777,48.0,43.12,40.68,38.95,37.52,36.34,10.48,22.0,1,high_risk,1999,1.0,0.022360679774997887,0
ALS_0773,0.7829,2.028,50.4,0.02246,0.046,0.03936,0.024,36.89,0.0076,0.168,0.165,1.2063,48.0,18.96,12.48,12.0,11.98,11.98,36.02,60.0,0,high_risk,1999,1.0,0.022360679774997887,0
ALS_0774,0.1039,0.0801,70.0,0.00509,0.00863,0.00609,0.02903,42.8,0.0508,0.0494,0.2318,1.24,48.0,45.08,43.51,42.6,42.03,41.65,5.97,60.0,0,low_risk,1999,1.0,0.02236067977499789,0
ALS_0775,0.452,0.842,73.7,0.01255,0.02621,0.02315,0.00203,31.79,0.0321,0.1154,0.1917,0.6494,48.0,38.71,32.98,29.44,27.39,26.26,20.61,5.0,1,high_risk,1999,1.0,0.022360679774997894,0
ALS_0776,0.0307,0.0114,74.7,0.0042,0.00584,0.00251,0.0124,45.0,0.1442,0.0311,0.1901,0.2915,48.0,46.66,46.41,46.34,46.31,46.3,1.69,60.0,0,low_risk,1999,1.0,0.022360679774997883,0
ALS_0777,0.0985,0.0735,72.2,0.00501,0.00841,0.00582,0.01959,45.0,0.1314,0.0482,0.0363,0.531,48.0,46.07,45.58,45.32,45.1,44.87,2.9,60.0,0,low_risk,1999,1.0,0.02236067977499789,0
ALS_0778,0.3965,0.6827,62.6,0.01112,0.02312,0.02043,0.02539,44.55,0.1477,0.1059,0.223,0.82,48.0,41.22,39.18,38.09,37.4,36.97,10.6,60.0,0,low_risk,1999,1.0,0.022360679774997887,0
ALS_0779,0.7019,1.703,59.5,0.01984,0.04097,0.0354,0.00176,45.0,0.0637,0.1556,0.2462,1.0741,48.0,23.08,15.32,13.68,13.4,13.36,34.6,38.0,1,high_risk,1999,1.0,0.022360679774997887,0
ALS_0780,0.3565,0.5759,46.3,0.01013,0.02095,0.01847,0.02822,45.0,0.0618,0.0989,0.1964,1.4405,48.0,40.32,36.05,33.23,31.3,29.99,16.7,60.0,0,low_risk,1999,1.0,0.022360679774997894,0
ALS_0781,0.6153,1.3792,49.3,0.01717,0.03571,0.03115,0.00406,45.0,0.1021,0.142,0.138,1.1345,48.0,30.0,22.55,20.24,19.77,19.69,28.23,60.0,0,high_risk,1999,1.0,0.022360679774997887,0
ALS_0782,0.8282,2.219,74.9,0.02397,0.04887,0.04158,0.00046,45.0,0.008,0.1748,0.0973,0.8519,48.0,10.65,4.26,4.01,4.01,4.01,43.99,15.0,1,high_risk,1999,1.0,0.022360679774997887,0
ALS_0783,0.8694,2.3983,72.3,0.02538,0.0515,0.0436,0.01377,27.54,0.1124,0.1809,0.1359,0.6442,48.0,29.52,27.31,27.21,27.21,27.21,20.79,60.0,0,low_risk,1999,1.0,0.022360679774997887,0
ALS_0784,0.8068,2.1281,53.8,0.02325,0.04751,0.04054,0.00854,45.0,0.1362,0.1716,0.1602,0.8391,48.0,22.48,17.92,17.54,17.52,17.52,30.48,29.0,1,high_risk,1999,1.0,0.022360679774997883,0
ALS_0785,0.6154,1.3795,35.0,0.01718,0.03571,0.03115,0.02387,44.67,0.1068,0.1421,0.2057,0.6596,48.0,31.32,25.48,23.37,22.72,22.54,25.28,60.0,0,high_risk,1999,1.0,0.022360679774997883,0
ALS_0786,0.9611,2.8155,57.1,0.0286,0.05744,0.04809,7e-05,33.92,0.0367,0.1944,0.1757,0.452,48.0,19.39,16.95,16.86,16.86,16.86,31.14,57.0,1,high_risk,1999,1.0,0.02236067977499789,0
ALS_0787,0.7533,1.9066,42.1,0.02149,0.04415,0.03791,0.00641,23.29,0.1289,0.1635,0.2373,1.0681,48.0,36.0,33.32,32.92,32.88,32.87,15.12,60.0,0,low_risk,1999,1.0,0.022360679774997887,0
ALS_0788,0.0586,0.032,58.9,0.00449,0.00683,0.00387,0.02122,40.48,0.0191,0.0386,0.2037,1.1409,48.0,45.88,44.25,42.97,41.95,41.13,6.05,60.0,0,low_risk,1999,1.0,0.022360679774997887,0
ALS_0789,0.601,1.3282,71.1,0.01675,0.03485,0.03045,0.00503,35.21,0.0507,0.1398,0.0954,0.2805,48.0,32.4,25.28,22.5,21.68,21.48,26.32,11.0,1,high_risk,1999,1.0,0.022360679774997883,0
ALS_0790,0.415,0.7345,52.4,0.01159,0.02414,0.02134,0.02005,20.98,0.0732,0.1091,0.1623,0.5026,48.0,43.66,41.51,40.21,39.39,38.9,8.61,60.0,0,low_risk,1999,1.0,0.022360679774997894,0
ALS_0791,0.9622,2.8208,36.6,0.02864,0.05752,0.04815,0.01554,45.0,0.143,0.1945,0.1204,1.4709,48.0,14.33,13.12,13.12,13.12,13.12,34.88,3.0,1,high_risk,1999,1.0,0.022360679774997894,0
ALS_0792,0.4118,0.7255,73.1,0.01151,0.02397,0.02118,0.01378,45.0,0.0641,0.1085,0.0362,0.5918,48.0,37.31,30.71,25.78,22.73,21.31,25.27,60.0,0,high_risk,1999,1.0,0.022360679774997883,0
ALS_0793,0.8867,2.4749,41.4,0.02597,0.05261,0.04445,0.00937,21.26,0.141,0.1835,0.0705,0.385,48.0,34.7,33.05,32.98,32.98,32.98,15.02,60.0,0,low_risk,1999,1.0,0.022360679774997887,0
ALS_0794,0.9761,2.8862,46.1,0.02914,0.05843,0.04883,0.0268,45.0,0.0092,0.1966,0.0356,1.2872,48.0,4.81,3.74,3.74,3.74,3.74,44.26,27.0,1,high_risk,1999,1.0,0.022360679774997887,0
ALS_0795,0.0139,0.0032,62.8,0.00407,0.00533,0.00168,0.02679,27.23,0.1423,0.0259,0.1001,0.5917,48.0,47.23,47.08,47.04,47.02,47.01,0.98,60.0,0,low_risk,1999,1.0,0.02236067977499789,0
ALS_0796,0.2762,0.3829,76.7,0.00829,0.01675,0.01453,0.0046,33.3,0.0791,0.0843,0.1677,0.4333,48.0,44.31,42.66,41.71,41.06,40.58,6.94,60.0,0,low_risk,1999,1.0,0.022360679774997894,0
ALS_0797,0.1786,0.1906,61.6,0.00633,0.01196,0.00975,0.01339,45.0,0.0314,0.0654,0.0775,0.2728,48.0,44.17,41.48,39.41,37.72,36.3,10.28,60.0,0,low_risk,1999,1.0,0.022360679774997887,0
ALS_0798,0.1548,0.1516,74.8,0.00591,0.01086,0.00858,0.02782,34.99,0.1259,0.0605,0.1523,1.1578,48.0,45.76,45.16,44.9,44.73,44.6,3.27,60.0,0,low_risk,1999,1.0,0.022360679774997894,0
ALS_0799,0.3577,0.5791,36.5,0.01016,0.02102,0.01853,0.01622,44.09,0.0874,0.0991,0.1733,1.4432,48.0,41.23,37.97,35.86,34.39,33.38,13.61,60.0,0,low_risk,1999,1.0,0.022360679774997883,0
ALS_0800,0.1448,0.1362,78.7,0.00574,0.01041,0.00809,0.01234,20.62,0.0046,0.0584,0.2449,0.5314,48.0,46.03,44.3,42.76,41.41,40.21,6.59,60.0,0,low_risk,1999,1.0,0.02236067977499789,0
ALS_0801,0.9554,2.7886,32.0,0.02839,0.05707,0.04781,0.00992,45.0,0.0533,0.1935,0.0973,1.4456,48.0,8.69,7.26,7.26,7.26,7.26,40.74,27.0,1,high_risk,1999,1.0,0.02236067977499789,0
ALS_0802,0.5251,1.0703,68.8,0.01455,0.03039,0.02673,0.00948,36.44,0.0014,0.1275,0.0586,0.6169,48.0,31.57,20.04,14.29,12.43,11.99,35.57,33.0,1,high_risk,1999,1.0,0.022360679774997883,0
ALS_0803,0.8371,2.2571,39.1,0.02427,0.04943,0.04202,0.01125,20.65,0.0991,0.1761,0.0913,1.33,48.0,33.53,31.72,31.69,31.69,31.69,16.31,60.0,0,low_risk,1999,1.0,0.022360679774997887,0
ALS_0804,0.3922,0.671,62.9,0.01101,0.02289,0.02022,0.02938,30.08,0.0373,0.1051,0.0798,1.3612,48.0,40.51,35.13,31.17,28.72,27.46,19.28,60.0,0,low_risk,1999,1.0,0.02236067977499789,0
ALS_0805,0.081,0.0538,79.4,0.00477,0.0077,0.00497,0.00112,45.0,0.0558,0.0441,0.2119,0.3421,48.0,46.0,44.97,44.4,44.07,43.85,3.93,6.0,1,high_risk,1999,1.0,0.022360679774997887,0
ALS_0806,0.9549,2.7865,51.4,0.02837,0.05704,0.04779,0.00914,45.0,0.1188,0.1935,0.2169,0.3849,48.0,16.75,14.07,13.94,13.94,13.94,34.06,23.0,1,high_risk,1999,1.0,0.022360679774997883,0
ALS_0807,0.9907,2.9553,34.9,0.02966,0.05938,0.04954,0.0211,34.54,0.0152,0.1987,0.1935,0.3262,48.0,17.15,14.73,14.64,14.64,14.64,33.36,28.0,1,high_risk,1999,1.0,0.022360679774997887,0
ALS_0808,0.4005,0.6938,41.7,0.01122,0.02334,0.02062,0.00321,45.0,0.1178,0.1066,0.156,0.6992,48.0,40.69,37.83,36.08,34.93,34.19,13.07,60.0,0,low_risk,1999,1.0,0.022360679774997887,0
ALS_0809,0.6726,1.5906,34.8,0.01892,0.03917,0.03396,0.00477,39.98,0.0214,0.1511,0.1727,0.9726,48.0,23.96,14.34,12.1,11.73,11.68,36.27,47.0,1,high_risk,1999,1.0,0.02236067977499789,0
ALS_0810,0.5964,1.312,60.0,0.01661,0.03458,0.03022,0.00549,26.22,0.0367,0.139,0.2368,0.4629,48.0,36.17,30.78,28.57,27.74,27.45,20.26,60.0,1,low_risk,1999,1.0,0.02236067977499789,0
ALS_0811,0.4423,0.8133,79.9,0.0123,0.02566,0.02267,0.00903,45.0,0.0204,0.1137,0.0345,0.7025,48.0,33.45,22.38,14.8,11.11,9.86,36.89,60.0,0,high_risk,1999,1.0,0.02236067977499789,0
ALS_0812,0.0372,0.0155,74.5,0.00426,0.00606,0.00282,0.0255,45.0,0.1105,0.0329,0.0552,1.1616,48.0,46.11,45.56,45.35,45.22,45.12,2.78,60.0,0,low_risk,1999,1.0,0.022360679774997887,0
ALS_0813,0.8004,2.1011,39.9,0.02304,0.04711,0.04022,0.00675,45.0,0.0427,0.1706,0.1197,0.6796,48.0,15.96,9.17,8.62,8.59,8.59,39.41,18.0,1,high_risk,1999,1.0,0.022360679774997887,0
ALS_0814,0.0324,0.0124,37.4,0.00421,0.0059,0.00259,0.02511,45.0,0.053,0.0316,0.2205,1.4643,48.0,46.33,45.45,44.96,44.68,44.51,3.32,60.0,0,low_risk,1999,1.0,0.022360679774997887,0
ALS_0815,0.4115,0.7247,72.7,0.0115,0.02395,0.02116,0.02165,45.0,0.0801,0.1085,0.0399,1.3407,48.0,37.3,30.58,25.62,22.98,22.03,25.02,40.0,1,high_risk,1999,1.0,0.022360679774997887,0
ALS_0816,0.035,0.0141,55.0,0.00424,0.00599,0.00272,0.00912,26.06,0.0531,0.0323,0.0397,0.882,48.0,47.02,46.5,46.19,45.98,45.82,2.02,60.0,0,low_risk,1999,1.0,0.022360679774997883,0
ALS_0817,0.6575,1.5336,39.5,0.01845,0.03825,0.03322,0.01196,23.46,0.081,0.1487,0.1578,0.1055,48.0,37.61,34.16,33.01,32.67,32.58,15.33,32.0,1,high_risk,1999,1.0,0.022360679774997897,0
ALS_0818,0.683,1.6302,54.4,0.01925,0.03981,0.03447,0.01703,42.0,0.1034,0.1527,0.1743,0.1205,48.0,29.63,24.38,22.8,22.38,22.27,25.62,29.0,1,high_risk,1999,1.0,0.022360679774997887,0
ALS_0819,0.6151,1.3785,52.9,0.01717,0.0357,0.03114,0.01581,45.0,0.0771,0.142,0.1472,0.3077,48.0,29.63,22.48,19.78,18.92,18.67,29.08,60.0,0,high_risk,1999,1.0,0.02236067977499789,0
ALS_0820,0.9363,2.7,75.0,0.02771,0.05582,0.04688,0.02895,34.35,0.0717,0.1908,0.0918,0.3283,48.0,20.89,18.78,18.73,18.73,18.73,29.27,60.0,0,high_risk,1999,1.0,0.022360679774997887,0
ALS_0821,0.5374,1.1106,37.8,0.0149,0.0311,0.02733,0.01598,25.48,0.0607,0.1295,0.2153,0.3776,48.0,39.31,35.36,33.45,32.57,32.19,15.43,49.0,1,low_risk,1999,1.0,0.022360679774997883,0
ALS_0822,0.6459,1.4908,46.3,0.0181,0.03755,0.03265,0.02026,21.51,0.1439,0.1469,0.111,0.6861,48.0,39.96,37.16,36.34,36.18,36.16,11.82,19.0,1,high_risk,1999,1.0,0.022360679774997883,0
ALS_0823,0.9788,2.899,75.4,0.02923,0.05861,0.04896,0.01957,25.78,0.0546,0.1969,0.1825,0.3707,48.0,26.57,25.14,25.1,25.1,25.1,22.9,26.0,1,high_risk,1999,1.0,0.022360679774997883,0
ALS_0824,0.2497,0.3259,47.1,0.00773,0.01541,0.01324,0.00324,34.41,0.0749,0.0793,0.224,1.3465,48.0,44.78,43.3,42.46,41.89,41.47,6.11,60.0,0,low_risk,1999,1.0,0.022360679774997883,0
ALS_0825,0.7321,1.8214,61.0,0.0208,0.04283,0.03687,0.01989,45.0,0.0429,0.1603,0.1083,0.1228,48.0,20.57,12.36,10.6,10.32,10.28,37.68,6.0,1,high_risk,1999,1.0,0.02236067977499789,0
ALS_0826,0.5415,1.1244,39.7,0.01502,0.03135,0.02754,0.02978,32.88,0.0396,0.1302,0.0908,0.0493,48.0,35.62,29.03,25.62,24.12,23.55,23.88,44.0,1,high_risk,1999,1.0,0.022360679774997883,0
ALS_0827,0.7406,1.8554,36.4,0.02108,0.04336,0.03729,0.01582,45.0,0.1126,0.1616,0.0444,1.3976,48.0,21.76,15.32,15.09,15.09,15.09,32.91,60.0,0,high_risk,1999,1.0,0.022360679774997887,0
ALS_0828,0.4906,0.9601,31.7,0.01359,0.0284,0.02504,0.00645,20.19,0.1254,0.1218,0.224,0.785,48.0,43.39,41.73,40.88,40.44,40.23,7.56,46.0,1,low_risk,1999,1.0,0.022360679774997887,0
ALS_0829,0.6474,1.4961,55.5,0.01814,0.03764,0.03272,0.01,40.54,0.0061,0.1471,0.1298,1.4585,48.0,22.69,11.1,8.81,8.55,8.53,39.45,25.0,1,high_risk,1999,1.0,0.022360679774997887,0
ALS_0830,0.9231,2.6395,56.7,0.02724,0.05496,0.04623,0.01881,41.91,0.0187,0.1888,0.19,0.7589,48.0,11.6,8.05,7.94,7.94,7.94,40.06,60.0,0,high_risk,1999,1.0,0.022360679774997887,0
ALS_0831,0.2546,0.3361,62.5,0.00783,0.01565,0.01347,0.0196,43.86,0.0618,0.0802,0.0918,1.3552,48.0,43.08,40.29,38.27,36.64,35.3,11.36,60.0,0,low_risk,1999,1.0,0.02236067977499789,0
ALS_0832,0.9894,2.9494,51.2,0.02962,0.0593,0.04948,0.02672,39.74,0.131,0.1985,0.1374,1.1545,48.0,17.69,16.6,16.59,16.59,16.59,31.41,17.0,1,high_risk,1999,1.0,0.022360679774997887,0
ALS_0833,0.2765,0.3836,70.8,0.0083,0.01676,0.01455,0.02606,45.0,0.084,0.0844,0.1977,0.4153,48.0,42.32,39.97,38.71,37.91,37.35,10.09,60.0,0,low_risk,1999,1.0,0.022360679774997887,0
ALS_0834,0.1104,0.0882,45.6,0.00519,0.00891,0.00641,0.01046,45.0,0.0606,0.0509,0.218,0.2952,48.0,45.83,44.76,44.19,43.85,43.63,4.15,60.0,0,low_risk,1999,1.0,0.022360679774997887,0
ALS_0835,0.6447,1.4861,34.3,0.01806,0.03748,0.03259,0.00719,23.38,0.1382,0.1467,0.1553,0.7796,48.0,39.19,36.26,35.39,35.2,35.16,12.8,19.0,1,high_risk,1999,1.0,0.022360679774997887,0
ALS_0836,0.8098,2.1407,66.3,0.02335,0.0477,0.04068,0.00893,33.79,0.0776,0.1721,0.2013,1.1442,48.0,25.14,21.23,20.95,20.94,20.94,27.06,55.0,1,high_risk,1999,1.0,0.02236067977499789,0
ALS_0837,0.9652,2.8347,48.2,0.02874,0.05771,0.04829,0.01736,38.29,0.06,0.195,0.1867,1.0497,48.0,15.96,14.14,14.12,14.12,14.12,33.88,17.0,1,high_risk,1999,1.0,0.022360679774997887,0
ALS_0838,0.8229,2.1962,47.9,0.02379,0.04853,0.04132,0.00293,32.46,0.1364,0.174,0.1685,0.943,48.0,28.88,25.82,25.61,25.6,25.6,22.4,59.0,1,high_risk,1999,1.0,0.022360679774997883,0
ALS_0839,0.2265,0.2788,48.0,0.00725,0.01426,0.0121,0.00583,34.36,0.0334,0.0749,0.1446,0.3582,48.0,44.51,42.14,40.41,39.09,38.04,8.91,60.0,0,low_risk,1999,1.0,0.022360679774997887,0
ALS_0840,0.1819,0.1963,53.7,0.00639,0.01212,0.00991,0.00391,28.54,0.1324,0.066,0.2256,0.1253,48.0,46.58,46.23,46.1,46.02,45.96,1.98,60.0,0,low_risk,1999,1.0,0.022360679774997883,0
ALS_0841,0.5974,1.3157,52.9,0.01664,0.03464,0.03027,0.01176,27.56,0.0918,0.1392,0.132,0.009,48.0,38.06,34.47,32.96,32.39,32.2,15.61,39.0,1,low_risk,1999,1.0,0.02236067977499789,0
ALS_0842,0.7359,1.8368,46.5,0.02093,0.04307,0.03706,0.0124,28.54,0.0837,0.1608,0.2459,0.9398,48.0,32.13,28.0,27.26,27.15,27.13,20.85,14.0,1,high_risk,1999,1.0,0.022360679774997894,0
ALS_0843,0.6933,1.6694,58.3,0.01957,0.04044,0.03497,0.01953,25.07,0.0036,0.1543,0.1106,0.7848,48.0,31.05,24.57,23.43,23.31,23.29,24.69,60.0,0,high_risk,1999,1.0,0.022360679774997883,0
ALS_0844,0.0703,0.0428,62.7,0.00463,0.00727,0.00444,0.00477,45.0,0.0772,0.0415,0.2002,0.2073,48.0,46.26,45.56,45.24,45.08,44.98,2.92,60.0,0,low_risk,1999,1.0,0.022360679774997894,0
ALS_0845,0.46,0.866,42.8,0.01277,0.02666,0.02354,0.00712,32.22,0.071,0.1167,0.1248,0.2401,48.0,39.96,35.98,33.62,32.27,31.54,15.73,60.0,0,low_risk,1999,1.0,0.02236067977499789,0
ALS_0846,0.2223,0.2705,73.4,0.00717,0.01405,0.01189,0.00655,36.47,0.1087,0.0741,0.2432,0.8299,48.0,45.29,44.41,44.02,43.78,43.6,4.22,60.0,0,low_risk,1999,1.0,0.022360679774997883,0
ALS_0847,0.7046,1.7135,30.1,0.01993,0.04113,0.03553,0.01899,36.26,0.05,0.156,0.2134,1.0763,48.0,26.76,19.91,18.58,18.38,18.35,29.62,60.0,0,high_risk,1999,1.0,0.022360679774997883,0
ALS_0848,0.0713,0.0438,54.2,0.00464,0.00731,0.00449,0.00385,45.0,0.1116,0.0418,0.239,1.4425,48.0,46.57,46.17,46.04,45.98,45.95,2.02,60.0,0,low_risk,1999,1.0,0.022360679774997887,0
ALS_0849,0.8426,2.2811,44.7,0.02446,0.04978,0.04229,0.01785,45.0,0.0948,0.177,0.0431,0.3172,48.0,18.71,13.69,13.42,13.41,13.41,34.59,60.0,0,high_risk,1999,1.0,0.02236067977499789,0
ALS_0850,0.2479,0.3221,74.3,0.00769,0.01532,0.01315,0.00249,38.33,0.0423,0.079,0.0576,0.4749,48.0,43.69,40.83,38.56,36.62,34.94,11.38,60.0,0,low_risk,1999,1.0,0.022360679774997887,0
ALS_0851,0.3483,0.555,33.7,0.00994,0.02051,0.01807,0.01262,45.0,0.0951,0.0974,0.1852,1.0851,48.0,41.67,38.92,37.25,36.1,35.29,11.9,60.0,0,low_risk,1999,1.0,0.022360679774997883,0
ALS_0852,0.9893,2.9488,59.0,0.02961,0.05929,0.04948,0.01581,45.0,0.004,0.1985,0.1437,0.8186,48.0,5.47,3.38,3.36,3.36,3.36,44.64,22.0,1,high_risk,1999,1.0,0.022360679774997887,0
ALS_0853,0.0948,0.0691,65.5,0.00496,0.00825,0.00564,0.01984,22.52,0.0296,0.0473,0.1589,0.9067,48.0,46.58,45.61,44.91,44.4,44.0,3.6,60.0,0,low_risk,1999,1.0,0.02236067977499789,0
ALS_0854,0.3082,0.4564,59.0,0.009,0.0184,0.0161,0.01695,29.54,0.1092,0.0902,0.1907,0.2153,48.0,44.71,43.58,42.99,42.6,42.32,5.4,60.0,0,low_risk,1999,1.0,0.02236067977499789,0
ALS_0855,0.3143,0.4708,42.2,0.00914,0.01871,0.0164,0.01988,44.24,0.0309,0.0913,0.1013,0.0209,48.0,40.91,36.0,32.29,29.43,27.24,18.57,60.0,0,low_risk,1999,1.0,0.022360679774997883,0
ALS_0856,0.3455,0.5477,48.7,0.00987,0.02036,0.01793,0.00754,45.0,0.0684,0.0969,0.0419,0.4212,48.0,40.93,36.76,33.34,30.49,28.38,17.51,50.0,1,low_risk,1999,1.0,0.022360679774997887,0
ALS_0857,0.9277,2.6607,60.4,0.02741,0.05527,0.04646,0.02049,35.85,0.0269,0.1895,0.211,1.39,48.0,16.29,14.19,14.16,14.16,14.16,33.84,39.0,1,high_risk,1999,1.0,0.022360679774997887,0
ALS_0858,0.5066,1.0105,51.8,0.01403,0.02932,0.02582,0.01038,45.0,0.0534,0.1245,0.0643,1.1539,48.0,32.76,22.83,17.52,15.77,15.38,32.23,51.0,1,high_risk,1999,1.0,0.022360679774997887,0
ALS_0859,0.7552,1.9142,54.5,0.02155,0.04427,0.038,0.00533,24.65,0.0466,0.1638,0.1815,0.6214,48.0,32.25,28.04,27.36,27.27,27.27,20.73,60.0,0,low_risk,1999,1.0,0.02236067977499789,0
ALS_0860,0.6796,1.6169,66.7,0.01914,0.0396,0.0343,0.00873,37.21,0.0168,0.1521,0.134,0.6745,48.0,24.83,15.82,13.8,13.49,13.44,34.51,24.0,1,high_risk,1999,1.0,0.02236067977499789,0
ALS_0861,0.9275,2.6598,53.2,0.0274,0.05525,0.04645,0.02564,35.18,0.1272,0.1895,0.1672,0.8181,48.0,23.5,21.48,21.43,21.43,21.43,26.57,14.0,1,high_risk,1999,1.0,0.022360679774997887,0
ALS_0862,0.2851,0.4027,67.6,0.00849,0.0172,0.01497,0.00508,33.43,0.0058,0.086,0.1358,0.6049,48.0,42.5,37.74,33.61,30.14,27.31,17.86,60.0,0,low_risk,1999,1.0,0.022360679774997894,0
ALS_0863,0.2416,0.309,34.5,0.00756,0.015,0.01284,0.00247,45.0,0.0439,0.0778,0.1458,0.2255,48.0,43.31,40.45,38.49,37.05,35.95,10.95,60.0,0,low_risk,1999,1.0,0.022360679774997883,0
ALS_0864,0.5586,1.1815,34.1,0.0155,0.03234,0.02837,0.02937,44.54,0.0141,0.133,0.1714,0.7671,48.0,27.85,16.04,10.57,8.53,7.84,39.47,60.0,0,high_risk,1999,1.0,0.022360679774997887,0
ALS_0865,0.123,0.105,42.8,0.00538,0.00945,0.00703,0.00182,39.85,0.0539,0.0537,0.1219,0.1234,48.0,45.88,44.73,44.04,43.58,43.25,4.42,60.0,0,low_risk,1999,1.0,0.022360679774997887,0
ALS_0866,0.4446,0.8202,53.8,0.01236,0.0258,0.02279,0.02546,45.0,0.124,0.1141,0.2247,0.3693,48.0,39.55,36.73,35.28,34.45,33.96,13.55,60.0,0,low_risk,1999,1.0,0.022360679774997887,0
ALS_0867,0.2678,0.3644,77.4,0.00811,0.01632,0.01412,0.02578,45.0,0.0708,0.0827,0.2384,1.2682,48.0,41.74,38.85,37.22,36.18,35.47,11.82,60.0,0,low_risk,1999,1.0,0.022360679774997883,0
ALS_0868,0.2806,0.3928,43.4,0.00839,0.01697,0.01475,0.02039,35.95,0.0386,0.0851,0.16,0.0283,48.0,43.32,40.36,38.3,36.8,35.67,11.2,60.0,0,low_risk,1999,1.0,0.022360679774997887,0
ALS_0869,0.9264,2.6545,57.4,0.02736,0.05518,0.04639,0.0023,22.15,0.0972,0.1893,0.1496,0.9227,48.0,31.41,30.1,30.08,30.08,30.08,17.92,32.0,1,high_risk,1999,1.0,0.022360679774997883,0
ALS_0870,0.6438,1.4831,79.9,0.01804,0.03743,0.03255,0.01342,45.0,0.0802,0.1466,0.0705,0.0955,48.0,27.2,19.92,17.63,17.12,17.03,30.88,60.0,0,high_risk,1999,1.0,0.022360679774997883,0
ALS_0871,0.3117,0.4646,51.7,0.00908,0.01858,0.01627,0.01191,45.0,0.1121,0.0908,0.0989,0.2581,48.0,43.1,41.23,40.02,39.06,38.29,8.94,60.0,0,low_risk,1999,1.0,0.022360679774997887,0
ALS_0872,0.5392,1.1167,47.9,0.01495,0.03121,0.02742,0.00633,32.07,0.0854,0.1298,0.175,0.8007,48.0,37.73,33.13,30.96,30.06,29.73,17.94,60.0,0,low_risk,1999,1.0,0.02236067977499789,0
ALS_0873,0.7323,1.8221,37.6,0.02081,0.04284,0.03688,0.0197,45.0,0.0697,0.1603,0.2353,0.2503,48.0,23.43,16.76,15.15,14.8,14.72,33.2,60.0,0,high_risk,1999,1.0,0.02236067977499789,0
ALS_0874,0.193,0.2157,40.1,0.0066,0.01264,0.01046,0.00055,45.0,0.0494,0.0683,0.1419,0.9509,48.0,44.47,42.41,41.05,40.06,39.3,7.94,60.0,0,low_risk,1999,1.0,0.022360679774997897,0
ALS_0875,0.5914,1.2945,36.4,0.01646,0.03428,0.02998,0.02705,45.0,0.0517,0.1382,0.1383,0.2498,48.0,29.18,20.68,17.11,15.84,15.43,32.16,60.0,0,high_risk,1999,1.0,0.02236067977499789,0
ALS_0876,0.9588,2.8045,46.3,0.02851,0.05729,0.04798,0.02221,26.51,0.1152,0.194,0.2177,0.364,48.0,29.41,27.84,27.76,27.76,27.76,20.24,30.0,1,high_risk,1999,1.0,0.022360679774997887,0
ALS_0877,0.1807,0.1942,38.3,0.00637,0.01206,0.00985,0.00844,45.0,0.0329,0.0658,0.164,1.0066,48.0,44.4,41.95,40.18,38.84,37.78,9.16,60.0,0,low_risk,1999,1.0,0.022360679774997887,0
ALS_0878,0.5302,1.087,31.1,0.0147,0.03069,0.02698,0.00912,29.64,0.1401,0.1283,0.2453,1.4035,48.0,40.35,37.52,36.2,35.64,35.43,12.36,60.0,0,low_risk,1999,1.0,0.022360679774997887,0
ALS_0879,0.7345,1.8311,49.3,0.02088,0.04298,0.03699,0.01319,26.75,0.1227,0.1606,0.1774,1.001,48.0,34.41,30.96,30.45,30.4,30.39,17.6,31.0,1,high_risk,1999,1.0,0.022360679774997887,0
ALS_0880,0.4962,0.9775,47.3,0.01375,0.02872,0.02531,0.02191,30.49,0.0381,0.1227,0.1972,0.2295,48.0,38.09,32.7,29.7,28.11,27.3,19.89,60.0,0,low_risk,1999,1.0,0.02236067977499789,0
ALS_0881,0.716,1.7577,48.1,0.02029,0.04183,0.03608,0.02078,45.0,0.1477,0.1578,0.1687,0.3447,48.0,28.89,24.2,23.07,22.86,22.82,25.14,13.0,1,high_risk,1999,1.0,0.02236067977499789,0
ALS_0882,0.9338,2.6886,61.5,0.02762,0.05566,0.04676,0.02936,40.3,0.0087,0.1904,0.0826,1.1131,48.0,10.41,8.42,8.41,8.41,8.41,39.59,16.0,1,high_risk,1999,1.0,0.02236067977499789,0
ALS_0883,0.6897,1.6556,50.3,0.01946,0.04022,0.03479,0.00413,23.57,0.0098,0.1537,0.2427,0.38,48.0,33.42,27.79,26.13,25.71,25.61,22.29,60.0,0,high_risk,1999,1.0,0.022360679774997883,0
ALS_0884,0.8847,2.466,77.7,0.0259,0.05248,0.04435,0.02166,32.72,0.0056,0.1832,0.2486,1.4252,48.0,18.39,15.78,15.71,15.71,15.71,32.29,26.0,1,high_risk,1999,1.0,0.02236067977499789,0
ALS_0885,0.4763,0.9157,79.8,0.01321,0.02759,0.02434,0.01124,45.0,0.1451,0.1194,0.0385,1.0428,48.0,37.56,32.08,28.5,27.11,26.79,20.89,60.0,0,low_risk,1999,1.0,0.022360679774997887,0
ALS_0886,0.023,0.0072,62.8,0.00413,0.00559,0.00213,0.01877,21.08,0.0767,0.0288,0.1818,0.023,48.0,47.23,46.91,46.78,46.71,46.68,1.29,60.0,0,low_risk,1999,1.0,0.022360679774997887,0
ALS_0887,0.2479,0.3221,53.7,0.00769,0.01532,0.01315,0.02078,30.01,0.0041,0.079,0.159,1.4483,48.0,43.99,40.36,37.07,34.16,31.64,13.84,34.0,1,high_risk,1999,1.0,0.02236067977499789,0
ALS_0888,0.23,0.2857,69.9,0.00732,0.01443,0.01227,0.02558,45.0,0.0703,0.0755,0.0757,1.2834,48.0,43.14,40.63,38.88,37.46,36.28,10.54,42.0,1,low_risk,1999,1.0,0.02236067977499789,0
ALS_0889,0.5057,1.0077,55.8,0.01401,0.02927,0.02578,0.00249,23.93,0.1369,0.1243,0.0661,0.9499,48.0,42.17,39.23,37.46,36.77,36.59,11.23,30.0,1,high_risk,1999,1.0,0.02236067977499789,0
ALS_0890,0.6471,1.495,30.3,0.01814,0.03762,0.03271,0.02304,45.0,0.0606,0.1471,0.2393,0.6311,48.0,26.63,18.71,16.15,15.42,15.23,32.58,60.0,0,high_risk,1999,1.0,0.022360679774997894,0
ALS_0891,0.6512,1.5103,48.0,0.01826,0.03787,0.03291,0.00437,45.0,0.1182,0.1477,0.2099,0.1369,48.0,30.8,25.94,24.31,23.79,23.63,24.21,60.0,0,high_risk,1999,1.0,0.022360679774997887,0
ALS_0892,0.1867,0.2046,49.0,0.00648,0.01234,0.01015,0.00131,25.38,0.129,0.067,0.166,1.11,48.0,46.68,46.32,46.15,46.03,45.94,1.97,60.0,0,low_risk,1999,1.0,0.022360679774997887,0
ALS_0893,0.9482,2.7552,59.1,0.02813,0.0566,0.04746,0.01806,23.0,0.0394,0.1925,0.0557,1.0443,48.0,27.66,26.71,26.71,26.71,26.71,21.29,60.0,0,low_risk,1999,1.0,0.02236067977499789,0
ALS_0894,0.8283,2.2195,48.1,0.02397,0.04887,0.04159,0.02538,35.05,0.102,0.1748,0.1695,0.1413,48.0,27.19,23.49,22.96,22.9,22.89,25.1,25.0,1,high_risk,1999,1.0,0.022360679774997894,0
ALS_0895,0.9821,2.9146,35.1,0.02935,0.05882,0.04912,0.01965,45.0,0.1349,0.1974,0.2446,0.6208,48.0,16.25,14.22,14.15,14.15,14.15,33.85,60.0,0,high_risk,1999,1.0,0.022360679774997887,0
ALS_0896,0.2902,0.4144,69.3,0.0086,0.01746,0.01522,0.01882,28.22,0.1181,0.0869,0.0483,1.1324,48.0,44.86,43.5,42.36,41.3,40.42,6.7,60.0,0,low_risk,1999,1.0,0.022360679774997883,0
ALS_0897,0.9473,2.751,73.9,0.0281,0.05654,0.04742,0.00541,28.57,0.1379,0.1924,0.046,1.1971,48.0,26.59,25.75,25.75,25.75,25.75,22.25,60.0,0,high_risk,1999,1.0,0.022360679774997887,0
ALS_0898,0.3589,0.5821,73.0,0.01019,0.02108,0.01858,0.02124,25.69,0.0737,0.0993,0.1332,0.9128,48.0,43.11,40.64,39.06,38.01,37.34,9.99,60.0,0,low_risk,1999,1.0,0.022360679774997887,0
ALS_0899,0.6526,1.5155,43.9,0.0183,0.03796,0.03298,0.00801,45.0,0.1124,0.1479,0.1584,0.3814,48.0,29.85,24.03,22.18,21.69,21.58,26.31,60.0,0,high_risk,1999,1.0,0.022360679774997894,0
ALS_0900,0.8278,2.2173,53.3,0.02396,0.04884,0.04156,0.0064,25.74,0.0502,0.1747,0.132,0.5691,48.0,29.53,26.12,25.86,25.85,25.85,22.15,60.0,0,high_risk,1999,1.0,0.022360679774997887,0
ALS_0901,0.8101,2.142,53.3,0.02336,0.04772,0.0407,0.02756,45.0,0.1317,0.1721,0.2499,0.5942,48.0,23.26,18.95,18.38,18.32,18.31,29.68,60.0,0,high_risk,1999,1.0,0.022360679774997887,0
ALS_0902,0.2466,0.3193,65.6,0.00766,0.01525,0.01308,0.01459,45.0,0.0661,0.0787,0.1239,0.4236,48.0,43.27,40.88,39.38,38.29,37.46,9.71,60.0,0,low_risk,1999,1.0,0.022360679774997887,0
ALS_0903,0.0171,0.0045,65.9,0.00409,0.00542,0.00184,0.01417,21.57,0.0617,0.0269,0.1184,0.6863,48.0,47.15,46.74,46.54,46.42,46.35,1.58,60.0,0,low_risk,1999,1.0,0.022360679774997883,0
ALS_0904,0.1342,0.1206,77.7,0.00556,0.00994,0.00758,0.00378,45.0,0.0949,0.0561,0.0674,1.1937,48.0,45.77,44.94,44.48,44.13,43.81,3.87,60.0,0,low_risk,1999,1.0,0.022360679774997887,0
ALS_0905,0.5879,1.2822,53.8,0.01636,0.03407,0.02981,0.00919,25.84,0.1385,0.1377,0.1189,0.8752,48.0,39.72,36.39,35.08,34.72,34.64,13.28,36.0,1,low_risk,1999,1.0,0.02236067977499789,0
ALS_0906,0.2211,0.2682,78.2,0.00714,0.01399,0.01184,0.02225,28.03,0.0011,0.0738,0.0791,0.3488,48.0,43.61,39.64,36.04,32.86,30.15,15.14,60.0,0,low_risk,1999,1.0,0.022360679774997887,0
ALS_0907,0.0525,0.0269,37.6,0.00442,0.0066,0.00357,0.02988,44.63,0.1319,0.037,0.035,0.9875,48.0,46.79,46.5,46.38,46.29,46.19,1.71,60.0,0,low_risk,1999,1.0,0.02236067977499789,0
ALS_0908,0.0171,0.0045,65.5,0.00409,0.00542,0.00184,0.01077,45.0,0.0462,0.0269,0.0424,1.3039,48.0,46.14,45.07,44.42,43.98,43.67,4.02,60.0,0,low_risk,1999,1.0,0.022360679774997883,0
ALS_0909,0.4458,0.8236,76.4,0.01239,0.02586,0.02284,0.02895,23.42,0.0436,0.1143,0.1943,1.4935,48.0,40.31,36.0,33.64,32.48,31.96,15.52,60.0,0,low_risk,1999,1.0,0.022360679774997887,0
ALS_0910,0.9103,2.5814,50.8,0.0268,0.05414,0.04561,0.00102,31.62,0.0337,0.187,0.0375,1.2789,48.0,20.04,18.49,18.48,18.48,18.48,29.52,14.0,1,high_risk,1999,1.0,0.02236067977499789,0
ALS_0911,0.0326,0.0126,53.2,0.00422,0.0059,0.0026,0.00871,45.0,0.0041,0.0316,0.2164,0.0728,48.0,45.81,43.81,41.97,40.28,38.73,7.72,60.0,0,low_risk,1999,1.0,0.022360679774997887,0
ALS_0912,0.8307,2.2297,31.6,0.02405,0.04903,0.0417,0.01703,28.08,0.0894,0.1752,0.1404,1.2604,48.0,28.54,25.76,25.66,25.66,25.66,22.34,60.0,0,high_risk,1999,1.0,0.022360679774997883,0
ALS_0913,0.9755,2.883,30.5,0.02911,0.05838,0.0488,0.02422,35.48,0.0162,0.1965,0.1677,1.0114,48.0,15.38,13.68,13.66,13.66,13.66,34.34,60.0,0,high_risk,1999,1.0,0.022360679774997887,0
ALS_0914,0.7092,1.7314,33.4,0.02007,0.04142,0.03575,0.02253,21.5,0.0835,0.1567,0.1584,0.5751,48.0,36.84,33.48,32.76,32.64,32.63,15.36,3.0,1,high_risk,1999,1.0,0.022360679774997897,0
ALS_0915,0.0359,0.0146,60.8,0.00425,0.00601,0.00276,0.01433,41.19,0.0893,0.0326,0.166,0.3414,48.0,46.61,46.12,45.92,45.84,45.78,2.16,60.0,1,low_risk,1999,1.0,0.022360679774997887,0
ALS_0916,0.1075,0.0846,36.4,0.00515,0.00878,0.00627,0.005,29.23,0.076,0.0502,0.0792,1.2908,48.0,46.71,46.14,45.83,45.63,45.46,2.37,60.0,0,low_risk,1999,1.0,0.022360679774997887,0
ALS_0917,0.9508,2.7673,32.7,0.02823,0.05677,0.04759,0.02521,42.44,0.052,0.1929,0.237,0.0354,48.0,15.12,11.44,11.12,11.1,11.1,36.9,57.0,1,high_risk,1999,1.0,0.02236067977499789,0
ALS_0918,0.0403,0.0176,79.4,0.00429,0.00616,0.00297,8e-05,45.0,0.109,0.0338,0.2023,1.4707,48.0,46.7,46.33,46.21,46.16,46.13,1.84,60.0,0,low_risk,1999,1.0,0.022360679774997887,0
ALS_0919,0.2501,0.3267,73.6,0.00774,0.01543,0.01326,0.00198,41.19,0.1221,0.0794,0.1049,0.7877,48.0,44.8,43.71,43.03,42.47,41.99,5.53,60.0,0,low_risk,1999,1.0,0.022360679774997887,0
ALS_0920,0.5961,1.311,43.8,0.0166,0.03456,0.03021,0.01574,26.5,0.0436,0.139,0.1598,1.1563,48.0,35.79,29.76,27.65,27.12,27.0,20.88,28.0,1,high_risk,1999,1.0,0.022360679774997887,0
ALS_0921,0.5812,1.2591,62.3,0.01616,0.03368,0.02948,0.01503,45.0,0.1479,0.1366,0.1593,0.9036,48.0,34.12,29.13,27.15,26.55,26.38,21.45,60.0,0,low_risk,1999,1.0,0.02236067977499789,0
ALS_0922,0.5502,1.1532,64.0,0.01526,0.03185,0.02796,0.0051,20.55,0.103,0.1316,0.207,1.1063,48.0,41.46,38.76,37.57,37.12,36.97,10.88,60.0,0,low_risk,1999,1.0,0.022360679774997887,0
ALS_0923,0.0582,0.0317,40.8,0.00449,0.00681,0.00385,0.01759,32.41,0.0613,0.0385,0.0929,1.0573,48.0,46.75,46.13,45.8,45.6,45.46,2.4,60.0,0,low_risk,1999,1.0,0.022360679774997887,0
ALS_0924,0.9674,2.845,62.5,0.02882,0.05785,0.0484,0.00492,45.0,0.0264,0.1953,0.2391,0.1272,48.0,10.07,6.21,5.95,5.93,5.93,42.07,60.0,0,high_risk,1999,1.0,0.02236067977499789,0
ALS_0925,0.9213,2.6313,35.3,0.02718,0.05485,0.04614,0.02738,36.07,0.0061,0.1886,0.0387,0.6221,48.0,15.26,12.45,12.43,12.43,12.43,35.57,35.0,1,high_risk,1999,1.0,0.022360679774997883,0
ALS_0926,0.9578,2.8,77.0,0.02848,0.05723,0.04793,0.00996,33.65,0.0012,0.1939,0.1883,0.324,48.0,17.37,14.57,14.45,14.45,14.45,33.55,25.0,1,high_risk,1999,1.0,0.022360679774997887,0
ALS_0927,0.0174,0.0046,47.4,0.00409,0.00542,0.00185,0.00651,22.17,0.0741,0.027,0.0879,0.487,48.0,47.29,46.99,46.85,46.78,46.73,1.22,60.0,0,low_risk,1999,1.0,0.022360679774997887,0
ALS_0928,0.1233,0.1054,76.1,0.00539,0.00946,0.00704,0.00436,35.77,0.0832,0.0537,0.2173,0.2853,48.0,46.23,45.54,45.23,45.07,44.96,2.93,60.0,0,low_risk,1999,1.0,0.022360679774997883,0
ALS_0929,0.0482,0.0235,79.6,0.00437,0.00645,0.00336,0.02844,24.12,0.058,0.0359,0.1105,0.5765,48.0,46.48,45.72,45.3,45.06,44.89,2.94,60.0,0,low_risk,1999,1.0,0.022360679774997887,0
ALS_0930,0.3706,0.6128,45.5,0.01048,0.02171,0.01916,0.0265,45.0,0.0622,0.1014,0.0902,0.905,48.0,39.79,34.83,31.13,28.46,26.71,19.54,60.0,0,low_risk,1999,1.0,0.022360679774997883,0
ALS_0931,0.7001,1.6957,79.6,0.01978,0.04085,0.0353,0.01634,23.27,0.0291,0.1553,0.0896,1.2459,48.0,32.12,27.38,26.94,26.92,26.92,21.08,14.0,1,high_risk,1999,1.0,0.022360679774997887,0
ALS_0932,0.0574,0.031,30.6,0.00448,0.00678,0.00381,0.02557,21.1,0.0818,0.0383,0.0846,1.2415,48.0,47.27,46.98,46.84,46.77,46.71,1.23,60.0,0,low_risk,1999,1.0,0.022360679774997894,0
ALS_0933,0.5739,1.234,47.6,0.01595,0.03325,0.02912,0.02231,45.0,0.1011,0.1354,0.1564,0.5487,48.0,32.89,26.89,24.31,23.38,23.07,24.62,60.0,0,high_risk,1999,1.0,0.022360679774997887,0
ALS_0934,0.6513,1.5105,66.8,0.01826,0.03787,0.03291,0.00549,34.59,0.0598,0.1477,0.0994,0.5,48.0,30.82,23.99,22.08,21.73,21.68,26.27,39.0,1,high_risk,1999,1.0,0.02236067977499789,0
ALS_0935,0.8287,2.2209,74.4,0.02398,0.04889,0.0416,0.02125,45.0,0.1189,0.1749,0.0884,1.3362,48.0,17.25,13.82,13.77,13.77,13.77,34.23,27.0,1,high_risk,1999,1.0,0.022360679774997887,0
ALS_0936,0.764,1.9502,44.9,0.02184,0.04482,0.03844,0.0273,45.0,0.1419,0.1651,0.0609,0.6796,48.0,24.55,18.95,18.48,18.46,18.46,29.54,32.0,1,high_risk,1999,1.0,0.022360679774997887,0
ALS_0937,0.2395,0.3048,31.2,0.00752,0.0149,0.01274,0.02725,45.0,0.0001,0.0774,0.2256,0.6284,48.0,42.15,36.79,31.92,27.57,23.72,20.43,60.0,0,low_risk,1999,1.0,0.022360679774997894,0
ALS_0938,0.7015,1.7012,70.9,0.01983,0.04094,0.03537,0.01506,29.61,0.07,0.1555,0.2388,0.4787,48.0,32.06,27.53,26.43,26.19,26.14,21.81,17.0,1,high_risk,1999,1.0,0.022360679774997887,0
ALS_0939,0.4301,0.7776,33.1,0.01198,0.02498,0.02207,0.00757,23.58,0.0109,0.1116,0.1128,1.3192,48.0,40.89,35.13,31.05,28.7,27.56,19.3,60.0,0,low_risk,1999,1.0,0.022360679774997883,0
ALS_0940,0.3941,0.6761,56.9,0.01106,0.02299,0.02031,0.0264,23.6,0.1428,0.1055,0.2097,0.5528,48.0,44.59,43.56,43.0,42.64,42.41,5.36,60.0,0,low_risk,1999,1.0,0.022360679774997887,0
ALS_0941,0.2286,0.2828,42.4,0.00729,0.01436,0.0122,0.02379,42.42,0.0311,0.0753,0.2148,0.0628,48.0,43.6,40.64,38.54,36.97,35.77,11.03,60.0,0,low_risk,1999,1.0,0.022360679774997887,0
ALS_0942,0.1472,0.1398,79.5,0.00578,0.01052,0.00821,0.02331,41.44,0.0889,0.0589,0.0388,0.776,48.0,44.93,43.67,42.9,42.25,41.65,5.75,60.0,0,low_risk,1999,1.0,0.022360679774997883,0
ALS_0943,0.5259,1.0731,48.3,0.01458,0.03044,0.02677,0.01625,36.78,0.0886,0.1277,0.1837,0.5189,48.0,37.07,32.45,30.19,29.15,28.7,18.85,30.0,1,high_risk,1999,1.0,0.022360679774997887,0
ALS_0944,0.326,0.4993,32.0,0.00941,0.01933,0.01698,0.02825,35.67,0.1126,0.0934,0.1154,0.8676,48.0,43.8,42.1,40.94,40.04,39.35,7.96,60.0,0,low_risk,1999,1.0,0.022360679774997887,0
ALS_0945,0.1539,0.1501,54.7,0.00589,0.01082,0.00854,0.02483,24.36,0.0019,0.0603,0.228,0.3005,48.0,46.0,44.14,42.43,40.86,39.41,7.14,60.0,0,low_risk,1999,1.0,0.022360679774997887,0
ALS_0946,0.8742,2.4192,68.3,0.02554,0.0518,0.04383,0.01485,32.43,0.1391,0.1816,0.1323,1.3573,48.0,25.93,24.01,23.99,23.99,23.99,24.01,60.0,0,high_risk,1999,1.0,0.022360679774997883,0
ALS_0947,0.0387,0.0165,35.9,0.00427,0.00611,0.0029,0.02032,34.36,0.1176,0.0333,0.2121,1.0047,48.0,47.05,46.81,46.74,46.71,46.69,1.29,60.0,0,low_risk,1999,1.0,0.02236067977499789,0
ALS_0948,0.454,0.848,70.1,0.01261,0.02632,0.02325,0.01181,28.29,0.0642,0.1157,0.2233,0.7717,48.0,40.44,36.74,34.69,33.57,32.97,14.43,60.0,0,low_risk,1999,1.0,0.022360679774997887,0
ALS_0949,0.9188,2.6199,78.1,0.02709,0.05469,0.04602,0.00621,45.0,0.0319,0.1882,0.0689,0.5406,48.0,9.78,6.27,6.22,6.22,6.22,41.78,5.0,1,high_risk,1999,1.0,0.022360679774997883,0
ALS_0950,0.3841,0.6491,65.0,0.01081,0.02245,0.01982,0.01534,45.0,0.1325,0.1037,0.2398,0.1491,48.0,41.34,39.41,38.48,37.93,37.57,10.07,60.0,0,low_risk,1999,1.0,0.02236067977499789,0
ALS_0951,0.8705,2.403,33.6,0.02541,0.05157,0.04365,0.00957,45.0,0.1203,0.1811,0.0594,1.0523,48.0,16.78,13.61,13.58,13.58,13.58,34.42,60.0,0,high_risk,1999,1.0,0.022360679774997883,0
ALS_0952,0.5004,0.9908,60.3,0.01386,0.02896,0.02552,0.00339,45.0,0.1197,0.1234,0.1507,0.8575,48.0,36.86,32.17,29.64,28.43,27.93,19.57,60.0,0,low_risk,1999,1.0,0.022360679774997887,0
ALS_0953,0.8059,2.1242,68.1,0.02322,0.04745,0.04049,0.00478,45.0,0.0931,0.1715,0.0819,0.7561,48.0,18.98,13.6,13.32,13.31,13.31,34.69,60.0,0,high_risk,1999,1.0,0.022360679774997887,0
ALS_0954,0.9437,2.7343,42.0,0.02797,0.0563,0.04724,0.02446,45.0,0.0196,0.1918,0.0487,0.6968,48.0,7.6,4.87,4.86,4.86,4.86,43.14,41.0,1,high_risk,1999,1.0,0.022360679774997883,0
ALS_0955,0.0781,0.0507,47.9,0.00473,0.00758,0.00482,0.02476,45.0,0.1351,0.0434,0.0775,0.5282,48.0,46.67,46.37,46.25,46.16,46.09,1.84,60.0,0,low_risk,1999,1.0,0.02236067977499789,0
ALS_0956,0.6051,1.3429,61.6,0.01687,0.0351,0.03065,0.00586,45.0,0.0226,0.1404,0.2464,0.3159,48.0,26.15,15.93,11.69,10.09,9.51,37.91,60.0,0,high_risk,1999,1.0,0.022360679774997883,0
ALS_0957,0.2178,0.2618,30.1,0.00708,0.01383,0.01167,0.02943,45.0,0.0943,0.0732,0.1268,0.0396,48.0,44.77,43.53,42.86,42.4,42.03,5.6,29.0,1,high_risk,1999,1.0,0.022360679774997887,0
ALS_0958,0.1985,0.2257,54.9,0.0067,0.0129,0.01073,0.01045,45.0,0.0503,0.0694,0.0684,1.2449,48.0,44.36,42.13,40.48,39.09,37.87,8.91,60.0,0,low_risk,1999,1.0,0.022360679774997887,0
ALS_0959,0.7291,1.8095,56.3,0.02071,0.04264,0.03673,0.01071,27.9,0.0365,0.1598,0.0367,1.0919,48.0,28.95,23.44,23.15,23.14,23.14,24.86,60.0,0,high_risk,1999,1.0,0.022360679774997887,0
ALS_0960,0.2788,0.3887,56.0,0.00835,0.01688,0.01466,0.00976,45.0,0.0542,0.0848,0.1895,0.0898,48.0,42.6,39.67,37.84,36.59,35.69,11.41,60.0,0,low_risk,1999,1.0,0.022360679774997887,0
ALS_0961,0.9858,2.9322,59.7,0.02948,0.05906,0.0493,0.00505,36.16,0.1456,0.198,0.2421,0.4791,48.0,23.19,21.57,21.51,21.51,21.51,26.49,60.0,0,high_risk,1999,1.0,0.022360679774997887,0
ALS_0962,0.9719,2.8662,36.0,0.02898,0.05815,0.04862,0.0037,45.0,0.1445,0.1959,0.0806,0.4714,48.0,16.59,14.54,14.51,14.51,14.51,33.49,60.0,0,high_risk,1999,1.0,0.022360679774997887,0
ALS_0963,0.8481,2.3047,75.2,0.02464,0.05013,0.04256,0.02467,45.0,0.0671,0.1778,0.1089,1.248,48.0,13.01,9.54,9.48,9.48,9.48,38.52,32.0,1,high_risk,1999,1.0,0.02236067977499789,0
ALS_0964,0.5643,1.201,73.4,0.01567,0.03268,0.02865,0.02717,28.57,0.1451,0.1339,0.1286,0.8595,48.0,38.77,35.48,34.22,33.85,33.76,14.15,60.0,0,low_risk,1999,1.0,0.022360679774997887,0
ALS_0965,0.2339,0.2935,38.2,0.0074,0.01462,0.01246,0.00334,31.97,0.0356,0.0763,0.0467,0.5705,48.0,44.63,42.24,40.24,38.45,36.83,9.55,30.0,1,high_risk,1999,1.0,0.022360679774997883,0
ALS_0966,0.1851,0.2019,35.3,0.00645,0.01227,0.01007,0.01066,39.09,0.0908,0.0667,0.1158,1.181,48.0,45.59,44.63,44.09,43.7,43.37,4.3,60.0,0,low_risk,1999,1.0,0.022360679774997883,0
ALS_0967,0.4362,0.7956,47.2,0.01214,0.02533,0.02238,0.02744,45.0,0.0082,0.1127,0.1118,0.869,48.0,34.09,23.09,15.32,10.73,8.4,37.27,41.0,1,high_risk,1999,1.0,0.022360679774997887,0
ALS_0968,0.4373,0.7988,75.7,0.01217,0.02539,0.02243,0.00859,41.61,0.1117,0.1129,0.0746,0.82,48.0,39.18,34.86,31.89,30.17,29.37,17.83,51.0,1,low_risk,1999,1.0,0.02236067977499789,0
ALS_0969,0.0373,0.0156,37.0,0.00426,0.00606,0.00283,0.00361,42.54,0.0187,0.033,0.0489,1.1334,48.0,46.07,44.55,43.31,42.29,41.41,5.71,60.0,0,low_risk,1999,1.0,0.022360679774997887,0
ALS_0970,0.8156,2.1653,66.9,0.02355,0.04807,0.04097,0.01935,45.0,0.1102,0.1729,0.034,0.7291,48.0,18.85,14.19,14.07,14.07,14.07,33.93,60.0,0,high_risk,1999,1.0,0.02236067977499789,0
ALS_0971,0.706,1.7188,79.1,0.01997,0.04122,0.0356,0.0147,45.0,0.0655,0.1562,0.0806,0.4892,48.0,21.93,14.12,12.83,12.71,12.7,35.29,10.0,1,high_risk,1999,1.0,0.02236067977499789,0
ALS_0972,0.7272,1.8019,60.1,0.02064,0.04252,0.03663,0.00973,43.23,0.0629,0.1595,0.2476,0.1843,48.0,24.11,17.52,15.84,15.45,15.36,32.55,60.0,0,high_risk,1999,1.0,0.022360679774997883,0
ALS_0973,0.8953,2.5133,34.1,0.02627,0.05316,0.04487,0.02256,27.3,0.1332,0.1848,0.1582,1.1071,48.0,29.46,27.76,27.72,27.72,27.72,20.28,60.0,0,low_risk,1999,1.0,0.022360679774997887,0
ALS_0974,0.1683,0.1734,45.6,0.00615,0.01148,0.00925,0.01504,35.78,0.0767,0.0633,0.075,1.23,48.0,45.84,44.84,44.22,43.73,43.3,4.27,60.0,0,low_risk,1999,1.0,0.022360679774997887,0
ALS_0975,0.4743,0.9096,47.5,0.01315,0.02747,0.02424,0.02086,28.02,0.108,0.1191,0.1862,1.0845,48.0,41.47,38.65,37.07,36.25,35.85,11.75,60.0,0,low_risk,1999,1.0,0.022360679774997887,0
ALS_0976,0.6843,1.6349,53.1,0.01929,0.03988,0.03453,0.00443,35.26,0.0027,0.1529,0.1052,1.23,48.0,23.96,14.54,13.21,13.12,13.12,34.88,29.0,1,high_risk,1999,1.0,0.022360679774997887,0
ALS_0977,0.3953,0.6796,47.9,0.01109,0.02306,0.02037,0.02242,34.41,0.0594,0.1057,0.1211,1.0742,48.0,40.89,36.61,33.63,31.65,30.45,16.35,60.0,0,low_risk,1999,1.0,0.022360679774997887,0
ALS_0978,0.7163,1.7591,67.0,0.0203,0.04185,0.0361,0.01164,45.0,0.0971,0.1578,0.1336,0.2852,48.0,25.27,19.07,17.7,17.46,17.43,30.54,27.0,1,high_risk,1999,1.0,0.022360679774997894,0
ALS_0979,0.7762,2.0003,61.8,0.02224,0.04558,0.03903,0.01443,43.07,0.0985,0.167,0.0777,0.8732,48.0,21.58,15.96,15.62,15.61,15.61,32.39,33.0,1,high_risk,1999,1.0,0.02236067977499789,0
ALS_0980,0.5522,1.16,66.0,0.01532,0.03197,0.02806,0.00687,45.0,0.0972,0.1319,0.1508,0.0953,48.0,33.85,28.59,26.18,25.13,24.7,22.87,60.0,0,high_risk,1999,1.0,0.022360679774997883,0
ALS_0981,0.302,0.4418,45.5,0.00886,0.01807,0.0158,0.01207,36.51,0.0333,0.0891,0.0572,1.3591,48.0,42.43,38.14,34.35,31.1,28.54,16.9,60.0,0,low_risk,1999,1.0,0.022360679774997887,0
ALS_0982,0.1839,0.1998,71.8,0.00643,0.01221,0.01001,0.01439,42.2,0.0167,0.0665,0.1373,0.7282,48.0,43.6,40.12,37.28,34.93,32.97,13.07,60.0,0,low_risk,1999,1.0,0.022360679774997883,0
ALS_0983,0.2858,0.4044,48.3,0.0085,0.01724,0.015,0.00682,45.0,0.1067,0.0861,0.035,0.5849,48.0,43.56,41.54,39.81,38.09,36.49,9.91,60.0,0,low_risk,1999,1.0,0.022360679774997887,0
ALS_0984,0.1959,0.221,74.7,0.00665,0.01278,0.0106,0.01956,40.71,0.0105,0.0689,0.1838,0.8247,48.0,42.95,38.81,35.35,32.47,30.06,15.53,60.0,0,low_risk,1999,1.0,0.022360679774997887,0
ALS_0985,0.1995,0.2276,69.8,0.00672,0.01295,0.01078,0.00454,34.96,0.0477,0.0696,0.2211,1.2128,48.0,45.0,43.27,42.17,41.41,40.86,6.59,60.0,0,low_risk,1999,1.0,0.022360679774997883,0
ALS_0986,0.4626,0.8738,41.2,0.01284,0.02681,0.02367,0.02585,36.86,0.0638,0.1171,0.2436,0.1964,48.0,38.56,34.17,31.81,30.48,29.72,17.52,32.0,1,high_risk,1999,1.0,0.022360679774997897,0
ALS_0987,0.6836,1.6324,79.4,0.01927,0.03984,0.0345,0.00147,29.46,0.1365,0.1528,0.1705,0.2512,48.0,36.13,32.99,32.09,31.87,31.82,16.13,29.0,1,high_risk,1999,1.0,0.022360679774997887,0
ALS_0988,0.2459,0.318,69.9,0.00765,0.01522,0.01305,0.00034,29.42,0.0474,0.0786,0.1773,0.1737,48.0,44.92,43.12,41.95,41.13,40.51,6.87,60.0,0,low_risk,1999,1.0,0.02236067977499789,0
ALS_0989,0.2633,0.3546,45.5,0.00801,0.01609,0.0139,0.01641,43.22,0.0258,0.0819,0.1905,0.0304,48.0,42.49,38.61,35.72,33.51,31.8,14.49,60.0,0,low_risk,1999,1.0,0.022360679774997887,0
ALS_0990,0.841,2.274,55.8,0.0244,0.04968,0.04221,0.00785,45.0,0.0192,0.1767,0.1623,0.5929,48.0,12.4,6.03,5.54,5.51,5.51,42.49,24.0,1,high_risk,1999,1.0,0.02236067977499789,0
ALS_0991,0.5538,1.1655,56.8,0.01537,0.03206,0.02814,0.02375,33.44,0.1038,0.1322,0.0592,1.3838,48.0,36.52,30.14,27.69,27.25,27.2,20.75,22.0,1,high_risk,1999,1.0,0.022360679774997887,0
ALS_0992,0.4238,0.7597,65.7,0.01182,0.02463,0.02177,0.02444,45.0,0.1383,0.1106,0.1586,0.0135,48.0,39.97,37.55,36.29,35.54,35.09,12.46,60.0,0,low_risk,1999,1.0,0.02236067977499789,0
ALS_0993,0.2454,0.3169,72.6,0.00764,0.01519,0.01302,0.00285,26.26,0.0973,0.0785,0.1609,0.4463,48.0,45.77,44.93,44.48,44.18,43.94,3.82,60.0,0,low_risk,1999,1.0,0.022360679774997887,0
ALS_0994,0.5439,1.1322,53.4,0.01508,0.03148,0.02765,0.02379,24.95,0.14,0.1306,0.1355,0.7026,48.0,41.3,38.71,37.44,36.94,36.76,11.06,46.0,1,low_risk,1999,1.0,0.022360679774997894,0
ALS_0995,0.5881,1.2832,45.8,0.01637,0.03409,0.02982,0.02594,45.0,0.028,0.1377,0.2007,1.2058,48.0,26.65,15.61,11.43,10.18,9.85,37.82,39.0,1,high_risk,1999,1.0,0.022360679774997887,0
ALS_0996,0.1494,0.1433,33.4,0.00582,0.01062,0.00832,0.00528,45.0,0.0269,0.0593,0.0362,0.9219,48.0,44.83,42.44,40.44,38.63,36.94,9.37,60.0,0,low_risk,1999,1.0,0.022360679774997887,0
ALS_0997,0.9093,2.5767,66.9,0.02676,0.05407,0.04556,0.0127,20.41,0.1363,0.1868,0.2426,1.0253,48.0,34.23,33.05,33.01,33.01,33.01,14.99,43.0,1,low_risk,1999,1.0,0.02236067977499789,0
ALS_0998,0.9133,2.5946,59.4,0.0269,0.05433,0.04575,0.00882,45.0,0.0471,0.1874,0.2485,0.0467,48.0,13.93,9.34,8.84,8.79,8.79,39.21,60.0,0,high_risk,1999,1.0,0.022360679774997887,0
ALS_0999,0.495,0.9737,76.0,0.01371,0.02865,0.02525,0.01077,29.8,0.0742,0.1225,0.1575,0.0748,48.0,39.19,35.4,33.47,32.51,32.04,15.49,20.0,1,high_risk,1999,1.0,0.022360679774997883,0
ALS_1000,0.559,1.1831,53.7,0.01552,0.03237,0.02839,0.00937,45.0,0.0889,0.133,0.0749,0.5497,48.0,32.66,25.23,21.77,20.66,20.4,27.34,60.0,0,high_risk,1999,1.0,0.022360679774997883,0
